ID,Media
357,M3
1097,M3
1171,M3
1319,M2
2140,M2
2605,M3
2722,M2
3644,M2
4096,F3
4383,M3
4723,M2
6020,M3
6270,M1
6403,M3
6442,M3
6967,M3
7563,M3
8270,F2
8326,F2
8562,F2
8865,M2
9325,M3
11082,M2
11229,M3
11737,F3
12029,M2
12403,M3
12711,M3
13190,F3
13228,M3
13420,M2
13483,M3
14409,F3
16106,M3
17567,M3
17928,F3
18477,F3
18655,M2
19475,M2
19609,M3
19914,M1
20553,M2
20592,F3
20715,F3
20909,F2
21168,M3
21979,M3
22364,M3
22379,F2
22465,M3
22688,M2
22899,M2
23156,F2
23434,F2
23614,F3
23773,F2
23859,M3
24156,F2
24184,F3
24312,M3
24391,F3
24493,F3
25075,M3
25674,F3
26127,M3
26448,M3
26731,M3
27295,M2
27359,F2
27424,M3
27584,M3
27875,F2
28039,M2
28396,M3
29559,F3
29563,M3
30113,M3
30542,F2
31044,F3
31061,F3
31217,M2
31728,M3
31972,F3
32219,M2
32650,M3
33954,F3
34094,M2
35541,M1
36729,M3
36812,F3
36960,M3
38133,M2
38925,F2
50865,F3
51228,M3
51964,M3
52407,M3
52444,M3
52769,F3
52943,M3
53111,F2
53554,M3
54437,F3
54712,M1
55049,F2
55191,F3
55387,M3
55826,F2
57781,F2
59046,M2
59143,F2
59204,M2
59435,F1
60532,F3
60761,F2
62299,F3
62346,F3
62384,F3
62666,M3
63079,F2
63082,F3
63329,M3
63437,F2
63458,M2
63850,M3
63941,M3
65154,F1
65644,M2
65694,F3
65754,F3
66387,M1
67097,M3
68282,F2
69760,F1
70454,M3
71165,F2
72135,F2
72617,F2
73713,F3
74952,M3
75746,F3
75788,M2
76056,F2
76201,M2
78172,F2
78368,M3
79308,F2
79488,M3
79651,M2
79978,F3
80868,F3
81330,F2
83790,F3
83843,F3
84402,M3
85229,F2
88669,F2
89453,M3
92909,F1
93469,F3
93849,F2
96759,M3
97809,F2
99408,F2
100089,F2
102988,F2
103929,M2
105330,M3
107633,F1
109769,M2
109948,M3
110236,F3
110299,F2
111728,M2
112449,M3
114169,F2
114253,M2
117558,M3
126616,F3
126657,F3
130437,F3
131916,F2
134298,M3
134397,M3
138578,M1
139036,F2
140000,M3
143836,F2
144916,F3
152399,F2
153759,M3
160899,F3
161179,M3
162319,F3
162422,M2
163299,M2
169721,F3
170563,M3
172702,F2
174964,M2
176202,F3
177064,F3
177360,M3
180802,F3
182212,F3
184560,M3
189156,M2
190681,F2
192507,M3
192948,F3
194143,F3
197163,F1
201205,M2
201544,M2
202631,F3
205627,F3
205823,M3
207955,M3
209423,F3
216623,M3
219964,F2
221364,F1
222002,F3
222396,F3
222536,F2
225963,M3
227248,F1
227262,M3
229863,M2
230848,M2
231444,F3
231604,F3
235928,F3
238253,F2
238311,F3
239188,F3
242852,M3
248568,M3
249829,F2
250590,M3
250638,F3
250724,M2
254808,M3
258090,M3
258547,F2
261391,F3
262232,F2
262691,M1
262969,F3
263087,F3
264931,M3
265929,F3
267632,F3
267837,M3
268139,F2
268165,F3
268364,M1
269019,F3
269447,F2
270338,M1
270994,F2
271050,M3
271173,M3
271187,M3
272056,M2
272161,M1
272791,M3
272822,M3
273058,F3
273112,M2
273174,F1
273674,M2
273779,F2
274822,M3
275247,F2
275268,F3
275357,F2
275501,M2
275806,F2
275927,M2
275966,M2
275967,F3
275982,M2
276069,M3
276092,M2
276239,M3
276287,M2
276296,M2
276432,M2
276513,F3
277334,F2
277826,F3
278114,F3
278220,M3
278226,M2
278297,M2
278648,M3
279098,M3
280179,F1
280315,M2
280581,M3
280660,F3
281262,F2
281412,M3
281618,F3
282366,F3
282523,F3
282740,M3
284875,M1
284944,F3
285056,F1
285193,M3
285498,M3
285648,M3
285649,M3
285807,M2
286033,M2
286680,M3
286786,M2
286840,F3
286991,F1
287271,M2
287328,M3
287420,M3
288404,F3
289246,M3
289859,F2
290120,M3
292371,F1
292563,F3
293184,F2
293906,M1
296152,F1
296218,F3
296413,F2
296526,M3
296580,F3
297067,M2
297115,M2
297161,F1
297352,F2
297526,M3
297620,M2
297690,F3
297713,F3
297834,M1
297970,F3
298228,F3
298254,F3
298349,M3
298701,F1
298763,F3
298786,F2
299749,F2
300690,M3
300716,M3
301840,M2
302000,F3
302060,M2
302325,F2
302452,M3
302657,F2
302827,M1
302968,M2
303249,M2
304017,M3
304447,F1
304758,M3
304974,M3
305064,F3
305107,M3
305213,M3
305267,M3
306464,F2
306830,F3
307220,M2
307284,F3
307466,M1
308027,M2
308233,F2
308307,M2
309163,F2
309306,M2
309980,F3
310007,F3
310262,F3
310664,M3
311179,F2
311228,M3
312065,M2
312620,M3
312673,M3
312740,F3
312765,M2
312785,M2
313147,M3
313188,M3
313190,F1
313368,F2
313952,M3
314040,F3
314043,F3
314194,M3
314324,M1
314333,M3
314644,M3
314690,F2
314848,M2
315376,M3
315484,M1
315881,M2
315960,M3
316115,F3
316609,F2
316882,M2
316961,F2
317102,M2
317153,F3
317212,M2
317357,F3
317383,F2
317392,F2
317400,M2
317437,M3
317863,M2
318274,M2
318881,M3
319073,M3
319415,F2
320120,M1
320147,M3
320339,M2
320372,M2
320564,M3
320647,M3
320782,M3
320790,M2
320799,M2
320969,M3
321064,M3
321161,M2
321196,M2
321424,F3
321809,M1
321816,M3
322446,M2
322540,M3
322916,M3
323192,F3
323420,F3
323495,M3
323686,M3
324211,F3
324317,F1
325203,M3
325292,F1
325558,M3
325598,M1
325802,M2
325953,F3
325986,F3
326070,M2
326101,F3
326202,M2
326283,M3
327513,F2
328701,M3
328823,F3
330030,M3
330440,F2
330660,F2
330841,F3
331092,F1
331358,F3
331468,M2
331521,M3
331546,F2
332566,F3
333407,F3
333712,F3
333791,M3
333792,F3
333833,M3
333981,M3
333985,F3
334002,F3
334754,M3
334847,M3
335480,F2
335647,M3
336613,M3
336754,F2
337005,F3
337448,F3
337761,M2
337842,F1
338330,M2
339057,M2
339251,M3
339317,M2
339530,F3
339960,M3
340182,F3
340284,F2
341032,M3
341074,F3
341522,F3
341683,F2
343032,M3
343146,M3
343203,M3
343292,F3
343354,F1
343531,F3
343734,F3
344235,F2
344302,F3
344310,F3
344520,F2
344585,F2
344792,F2
344978,F3
500779,F2
501173,M3
501223,M2
501306,M3
511086,F3
511121,M1
511800,F2
513752,F1
514380,M1
514760,M3
514820,M2
515069,M2
515103,F1
515354,F3
516162,F2
517811,F3
518122,F1
518316,F3
518444,F3
518522,F2
518542,M1
518636,M2
518680,F3
518760,F3
518919,F3
519212,F3
519328,F2
519363,F3
519368,M3
519369,F2
519416,F3
519494,F2
519506,F3
519545,F3
519560,F2
519635,M2
519957,F2
520009,M3
520192,M3
520222,M3
520238,M2
520433,F3
520446,M3
520479,M3
520505,F3
520551,M3
520589,M1
520666,M2
520837,F3
520838,M3
520870,M3
520878,M3
520972,F3
521060,M3
521221,M2
521299,M3
521534,M3
521548,F3
521727,M2
521802,F3
521878,F3
521979,F2
522061,M2
522108,M1
522281,M2
522441,F3
522456,M3
522567,M2
522594,M2
522679,M2
522696,F3
522699,M3
522850,M2
523139,M3
523223,F3
523329,M2
523855,M3
523871,F3
523896,F3
523941,F2
524065,M2
524089,M1
524098,M3
524166,F3
524229,F2
524238,M3
524306,F2
524627,M1
524889,F3
525028,M3
525109,F1
525207,F2
525238,F3
525325,M1
525672,F2
525795,F3
525824,M3
525847,M2
525927,F2
526255,M2
526318,F2
526419,F3
526436,M3
526635,M2
526791,M3
526831,F2
526841,F2
526846,M3
526993,M3
527390,F3
527776,M3
527836,F2
527838,M3
527851,F3
528163,M1
528202,M3
528408,M2
528437,F3
528792,M3
528862,M3
528946,M2
529256,M3
530207,M3
530281,F3
530535,F3
530660,F2
530743,M3
532706,M2
532975,F3
533290,M2
533684,F3
533853,M3
533875,F3
535470,M3
537943,F3
538244,M1
538564,M2
539511,M3
540153,M3
549846,M2
560526,F3
562312,F3
564370,F2
565821,F3
565930,F2
566471,F3
569455,F1
569929,F2
570616,M3
571136,M3
571569,M2
574992,F1
578058,F3
579083,F2
579933,F2
580523,M3
581124,F3
583229,M2
583637,F2
584681,F3
589149,F2
590581,F3
591201,M2
591522,F2
592108,M3
593022,M1
593230,M3
593374,F1
593573,F2
593790,M3
594016,F3
594089,F3
594611,F2
596974,F3
597787,F2
601979,F2
602410,F3
603653,M2
603927,M1
604024,F2
604215,M3
604804,F1
604915,M3
605713,M3
605817,M2
605857,M2
612151,M3
612859,M3
613006,F3
616995,F3
617234,M2
617304,M3
620678,F2
622496,F2
622820,M3
622909,F3
623073,M2
623211,M2
623224,F3
623459,M2
623683,M3
623784,F3
624905,M1
625508,F3
626122,F3
626301,F1
627748,M3
628592,M3
628742,M2
628823,M2
628827,F3
628873,M2
629115,F3
633222,F3
634141,M1
634252,M3
634589,M2
635102,M2
635323,M1
635533,M2
635854,M3
635998,F3
636371,F1
636448,F3
637222,M2
643473,M3
643736,F1
644649,F2
644659,F3
646482,M2
647077,F2
647832,M3
649474,M3
649643,M2
650362,F2
650908,F2
650942,F3
651433,F3
651487,M1
655965,M3
657447,M1
659413,M2
659480,F1
660167,M2
662397,M1
664739,M2
666078,F3
668387,M2
668838,M3
668946,M3
670831,M2
670972,M3
671082,M1
671200,M2
671308,M3
671446,F2
671487,F2
671574,F3
671834,F3
671839,F3
671995,M3
672021,M3
672109,F3
672240,F3
672335,F2
672336,M3
672472,M2
672500,F2
672609,M3
672635,M3
672700,F3
672766,F3
673144,M2
673249,M3
673318,F3
673335,F3
673408,M2
673423,M3
673470,M3
673598,M3
673599,F3
673662,M3
673744,F3
673749,M2
673946,M2
673961,M3
674213,M3
674267,M3
674366,M3
674457,M3
674507,M3
674516,M3
674632,M3
674729,M2
674778,M3
674929,M3
675067,F3
675355,M3
675402,F3
675468,M2
675491,F3
675509,M3
675511,M3
675550,M2
675577,F2
675617,M3
676291,M3
676412,M2
676720,M2
676801,F3
676848,F2
676913,M3
677134,F3
677140,M3
677210,F3
677294,M3
677397,F2
677448,M3
677451,F3
677462,M2
677580,M2
677674,F3
677677,F1
677706,M3
677757,F3
677830,F2
678026,F3
678694,F3
678753,F2
679312,M3
679479,M3
679637,M2
679642,F3
679808,F1
679977,F3
680215,M3
680238,M3
680276,F1
680372,F3
680635,M1
680665,F2
681087,M2
681205,F2
681570,M3
681654,M2
681875,M1
682259,M2
683030,M2
683078,F3
683128,M2
683222,F3
683344,M3
683554,M3
683619,M2
683731,M3
684032,M2
684076,F2
684675,M3
684725,M3
684809,F2
685163,M3
685394,F3
685454,F1
686318,M3
686344,F2
686486,M3
686578,F2
687036,F1
688069,F3
691109,M3
692109,F3
693188,M2
693436,M3
693574,M2
693681,M2
694563,F3
694649,F3
694805,M3
696150,M3
696344,F3
696394,M3
701357,M3
701928,F3
702469,F3
702828,F3
702990,F2
705220,F3
708427,F3
709141,M2
709711,M2
709741,M2
711643,F3
711781,F2
712813,F2
713203,M3
713881,F3
714174,M3
714191,M3
714897,M2
715155,F1
715396,F3
715626,F1
715797,M2
716067,M3
716132,F3
717206,M3
717569,F3
718100,F1
718118,M2
718632,F2
719360,F2
719787,M3
720638,M2
721001,M1
724102,M2
724450,F2
724724,F3
724855,M2
728371,M3
732530,F3
734003,F2
735897,F2
737034,F1
738021,M3
739061,F1
740409,M3
740816,M3
741417,M3
741424,M3
741873,F2
742408,M1
742459,F3
742506,F2
743160,F1
744386,F3
744406,F2
745384,M3
745394,F3
745466,M3
745527,M3
745551,M3
745656,M3
745708,M3
746023,M2
746141,M2
746200,M3
746355,M3
746712,F3
746805,M3
746827,M3
747233,M3
747436,M1
747555,M3
747992,F3
748003,M2
748326,F2
748745,M2
748958,F3
749263,F3
750037,M3
753078,M3
753483,F2
755624,M3
755908,F2
757146,F3
757203,F1
757884,M3
762891,M3
763055,M2
770384,F2
772334,M2
774866,M2
776654,M3
776912,M3
780900,M2
781672,M1
795588,F2
796088,F1
798310,F3
799333,F1
804334,M2
805530,M3
805690,F1
808045,M3
810952,M2
816518,F3
819305,M2
821869,M3
824372,M2
824918,M3
828182,F3
828706,F3
833330,M3
841463,M2
843532,M3
844286,F3
845118,M1
847042,F2
848675,F3
850095,F2
855931,F2
863096,F2
863279,M3
867118,M3
867122,M3
867526,M3
867564,F1
867678,F2
868089,M2
868322,M2
877242,M2
877750,M2
877948,M3
878270,F3
878909,M3
879367,F3
879588,M1
880041,M3
880980,M2
881898,M1
882750,F3
882798,F1
882810,M2
882811,F2
883338,F3
884407,M2
884876,F3
885926,M2
885964,M3
887603,M2
887949,M3
888980,F3
889184,M3
889264,M1
889375,M3
894938,F2
896297,F3
896785,M2
896931,M3
903696,M3
932672,F2
935946,M2
937998,M3
940060,M2
940249,F2
940354,M3
946262,M3
948366,F2
949472,M3
950945,F3
951662,M2
952515,F2
952559,M2
952722,F2
952895,M2
955333,M1
955649,F3
956219,F3
957427,M2
958362,M3
959200,F3
960400,F3
960813,M3
962636,M3
964435,M3
967496,M2
972388,M2
972406,M3
972766,M2
974870,M1
975213,F2
980694,M3
984247,M1
985099,M3
987648,F2
988359,M1
991614,F3
992471,M3
992634,M3
992861,M2
993079,M3
994359,F2
995557,F3
995630,M3
998955,M1
1006080,F2
1008700,F3
1009663,F2
1010293,F2
1010974,F2
1011001,F3
1012424,F2
1014844,M2
1022410,F2
1022837,M2
1023669,F3
1023743,F2
1025161,M3
1025164,M2
1025180,F3
1026565,M3
1026634,M2
1026707,F3
1028164,M3
1028854,M2
1029104,M3
1029128,F3
1029423,F3
1029614,M1
1029760,F3
1030113,M3
1030468,F1
1030733,F2
1031255,M3
1034987,M3
1038613,M3
1039522,F1
1040664,F3
1041038,F2
1041190,F2
1041238,M3
1042197,M2
1052120,M3
1052736,F2
1052929,M2
1054365,F3
1060320,F2
1061324,M2
1064285,M2
1074622,M2
1076412,F2
1077780,M2
1080904,M1
1084337,F3
1084969,M3
1085382,F2
1085507,F3
1085764,M3
1085901,M3
1085962,M2
1086052,M2
1086790,M3
1087821,M3
1087980,M3
1088624,M2
1089002,F3
1089035,M2
1089109,M1
1089662,M3
1089839,M2
1090453,F3
1091424,M1
1091768,M2
1092369,M3
1095045,M2
1095291,F3
1095973,F1
1096493,M3
1097188,M2
1097465,M2
1097883,M2
1098212,M1
1112321,M3
1112447,M2
1112904,M2
1113115,F1
1113240,F3
1113735,M3
1113798,M2
1114036,F3
1114273,F3
1116045,F2
1118299,M2
1118537,M3
1121296,F2
1123333,F3
1126245,F3
1126840,F2
1128702,M1
1129882,F3
1130800,F1
1131356,F3
1132954,F3
1136585,F1
1138917,M1
1140954,M2
1142011,M1
1145976,F3
1146449,M3
1149261,M2
1152904,M3
1153237,F2
1153728,M3
1154799,F3
1156210,M2
1156473,F3
1156941,M1
1158568,M2
1160364,F3
1160557,M3
1161954,M2
1162911,F2
1162966,F3
1163824,M2
1164140,M2
1164284,M3
1164685,M3
1164997,M2
1165341,M3
1166418,M2
1167303,M2
1167785,M1
1168299,F1
1169975,M3
1170006,F2
1170523,M1
1170598,M2
1171114,F3
1171142,F3
1171418,F3
1171768,M1
1171866,M3
1172989,M3
1174562,F3
1174641,M3
1178862,M2
1179617,M3
1180285,M2
1181073,M1
1182300,M2
1183269,M1
1183629,F2
1184792,F2
1186170,F2
1186489,F2
1187507,M1
1188922,M2
1190028,M2
1197597,M2
1197867,F3
1198615,M2
1198964,F2
1199954,F3
1202564,M2
1203104,F3
1203281,M3
1204306,F2
1205044,M3
1205093,F3
1205401,F3
1206344,M3
1206441,F2
1208121,M3
1208731,F2
1208928,F3
1209294,F2
1210136,M2
1210499,M2
1210752,M3
1210771,M2
1210779,M1
1210812,M3
1210923,M2
1211843,F3
1211886,M3
1226695,F2
1226710,M2
1227181,F2
1227251,F2
1227261,F1
1227459,F3
1227570,F2
1230060,M2
1231843,F3
1232145,M2
1233302,M2
1234127,M3
1234385,M3
1234535,F3
1234935,F3
1239161,F3
1239725,F3
1240764,M3
1243103,F2
1244970,F3
1245695,F1
1245709,F1
1247021,F2
1247462,F3
1248456,F2
1249081,M2
1253133,M2
1254834,F2
1255038,F3
1256099,F2
1258175,M3
1259821,M1
1261286,F3
1261706,M3
1262014,M2
1262592,F1
1263229,M2
1270538,F3
1281399,F2
1282086,F3
1284969,M1
1287551,M1
1290218,M2
1290724,F2
1291002,F3
1292071,F3
1296448,F1
1300301,M3
1301227,M2
1302763,F2
1303936,F2
1305028,M3
1308173,F1
1309537,F1
1310667,M3
1310903,F3
1314442,F3
1315181,M3
1316034,M1
1318415,M2
1320680,F3
1328803,F2
1329139,F1
1331579,M1
1339370,F3
1341298,M2
1341711,M2
1345599,M3
1346341,F1
1352519,F3
1362800,F2
1366954,M2
1366994,M2
1369947,M2
1378337,M1
1380795,F3
1382511,F2
1382674,F1
1382762,F3
1383261,M3
1383952,F3
1387428,M1
1387475,M2
1388268,M1
1388856,M3
1389714,F3
1390111,F3
1392265,M2
1392872,F3
1393611,F3
1394058,M3
1394386,M1
1394491,F2
1395083,F2
1395301,F3
1395513,F3
1399916,F3
1402860,M1
1406171,M3
1406483,F3
1406559,F3
1407037,F1
1407325,M3
1408929,M2
1409119,M1
1409226,F2
1409659,F1
1410140,F2
1410363,M2
1411163,F2
1412429,M3
1415221,M2
1421613,M3
1422375,M3
1424542,M3
1424934,F1
1427814,F3
1427842,F3
1428406,M1
1434832,M2
1437230,M1
1437434,F1
1439531,F2
1440309,M3
1441663,F3
1441736,M2
1443269,F3
1444089,F2
1445325,M2
1445357,F2
1452478,F1
1452505,M2
1453218,F1
1454813,M2
1456344,M1
1458453,M1
1459192,F2
1462935,F3
1464369,M1
1466139,F3
1466784,M3
1466961,F3
1467557,M3
1468088,M3
1472632,M3
1473348,F2
1475039,M3
1475273,M3
1475964,F2
1476755,F2
1476872,F3
1477489,M1
1478498,M1
1480831,M2
1481930,M3
1482836,M2
1484725,F2
1485199,M2
1485239,M1
1486063,F3
1486994,M3
1488965,M3
1491665,M1
1492923,F2
1494569,M1
1494730,M2
1495579,M2
1499032,M1
1506192,M2
1508121,M3
1508211,M2
1508606,M2
1508794,M3
1510349,F3
1510370,F2
1510831,F1
1510836,M1
1512246,M1
1512261,M3
1514595,M1
1515050,F2
1518112,F2
1518352,M3
1520094,F3
1520668,M2
1520772,F3
1521208,F3
1522060,F3
1524121,F2
1525386,M3
1525521,F2
1528278,F2
1529854,M2
1531237,F2
1533369,F3
1538859,M1
1541113,M3
1543479,F2
1544324,F2
1548928,F2
1550428,M2
1551711,F1
1552177,M3
1554304,F2
1554582,M1
1557220,M1
1562072,M3
1566143,M2
1567975,M2
1569653,M2
1570114,M3
1570248,M3
1570664,F2
1571255,M2
1571650,M3
1571733,F2
1572691,F1
1572845,F1
1574171,M1
1574542,F2
1574851,F3
1575718,F3
1578494,M3
1578751,M2
1578854,M2
1579612,F3
1580275,F2
1582198,F2
1582397,F1
1583921,F2
1586921,F1
1587653,M2
1588233,F3
1589176,F1
1589878,M1
1590385,F2
1590477,M2
1590599,M3
1590673,M3
1590721,M3
1590812,M3
1590834,M3
1590894,M1
1590942,M3
1591020,M2
1591023,M3
1591248,M2
1591469,M3
1591470,M3
1591943,M3
1592262,M2
1592352,F3
1592477,M3
1592483,M2
1592723,M3
1592731,M3
1592751,F3
1593506,M2
1593642,M2
1593719,F3
1594411,M1
1594533,M2
1595004,M2
1596369,F2
1596376,F2
1596413,M1
1596728,M3
1596935,M3
1597186,M2
1598352,M3
1600230,M1
1600486,F1
1600521,F2
1600666,M3
1600968,F2
1601345,M1
1601537,F3
1603001,M3
1603044,M1
1603575,F2
1605288,F3
1606269,M1
1609796,M3
1617014,F2
1618178,F3
1619114,M1
1619403,F1
1622788,F3
1623555,F3
1629110,F3
1632816,M2
1633506,F2
1635259,F3
1640264,M1
1640368,F2
1640429,F2
1641649,F3
1644837,M3
1649395,F3
1651660,M3
1652621,F2
1656057,M2
1657540,F2
1659069,M1
1660106,F3
1661421,M2
1663435,F2
1667379,F3
1667661,M3
1670178,M1
1670815,F3
1670908,F1
1671111,F3
1672810,F2
1673114,M2
1674184,M3
1687964,M2
1688253,F2
1688853,M2
1688950,M3
1688967,M3
1688994,M2
1689010,F2
1689184,M3
1691612,F3
1691841,F3
1692668,M3
1692682,F3
1694034,F3
1694579,F3
1699118,F3
1699145,F2
1699585,M2
1699957,M3
1701290,M3
1710380,M3
1710846,M2
1711760,F1
1712163,M3
1713286,M2
1714144,F3
1715574,F2
1715768,M2
1717425,M2
1719142,M1
1719826,M2
1720274,F3
1720439,F2
1721415,M2
1725921,M1
1728933,M3
1729876,M2
1729961,M2
1734224,M2
1734715,F3
1735036,M1
1735480,F1
1736084,M1
1736390,F2
1739421,F1
1740133,F2
1740376,F2
1743515,M3
1750283,F2
1750679,M2
1751186,M3
1751187,F2
1751771,M2
1752168,M2
1754003,M2
1760233,F3
1760466,M3
1762403,F3
1762854,F3
1775682,M3
1776704,F3
1776811,F3
1779110,M1
1781037,F3
1781489,M1
1781984,M2
1782193,F3
1783122,M1
1784350,M3
1788437,F3
1788964,F3
1798718,F3
1799034,F3
1801631,M1
1802163,M3
1803233,F3
1804173,F3
1804759,F3
1805086,M2
1805203,M1
1805863,M2
1805917,M3
1807824,F3
1807920,F3
1808152,M2
1808713,F3
1809253,M1
1809433,F3
1810564,F2
1812468,M1
1812519,M3
1812619,M2
1815403,M3
1815525,M1
1816865,M3
1817593,M3
1818367,F2
1818374,M1
1819851,M2
1820313,F2
1820514,M2
1825091,M2
1825396,F3
1826750,F3
1826971,F1
1828893,M1
1829546,M1
1830639,F3
1831203,F3
1831846,F3
1832429,F3
1832639,F2
1832695,F3
1833061,M2
1833424,M3
1833456,F3
1834031,M3
1835362,M2
1837275,F1
1838287,F3
1838573,F3
1839881,M3
1840279,F1
1840617,F3
1841271,F3
1842281,F2
1844243,M3
1845152,M2
1845317,F3
1845730,M1
1845843,M3
1848190,M2
1850715,M3
1852418,F3
1853489,F2
1853744,M3
1854214,F3
1854424,F3
1854525,M3
1854645,M3
1855008,F3
1855151,M3
1855153,F2
1855882,M3
1856191,M3
1856303,F1
1857043,F2
1859897,F2
1861379,F2
1862161,M3
1863774,F3
1864303,M3
1864647,F1
1865033,F2
1865125,M3
1865655,F2
1865768,M1
1867697,F3
1867789,M3
1872235,F2
1879655,F2
1883709,M2
1883904,F2
1884210,M1
1884383,M2
1884794,M1
1888356,M3
1889034,F3
1889094,M2
1889144,M1
1889609,M1
1889673,F2
1889699,F1
1894897,F2
1897928,M1
1901517,F1
1902812,F3
1903373,F1
1904526,F3
1904711,F2
1904785,F1
1905186,F1
1905306,M3
1908871,M1
1912881,M3
1917639,M3
1918512,F3
1921738,F2
1923816,F2
1926145,F2
1927148,M1
1928412,M1
1931843,F1
1933555,F3
1934163,F2
1935508,M1
1938179,M2
1938406,M3
1939528,F3
1942075,M3
1942435,M3
1943405,F3
1944149,F1
1944257,F1
1944355,M1
1945175,F2
1946836,F2
1953090,F1
1958395,M3
1961321,M1
1963640,M3
1965573,M3
1966034,F3
1974701,F2
1980647,F1
1981150,M2
1981674,F3
1982306,F3
1983031,M1
1987639,F3
1991449,M2
1992444,M2
1993142,F3
1993237,F3
1993771,M3
1999901,F2
2003069,M3
2003105,F3
2005543,M3
2005685,M3
2005815,M3
2006830,M1
2008311,F1
2008739,F1
2009086,M3
2009375,F2
2011408,M2
2011761,F2
2011828,M2
2011946,F3
2014560,F3
2014577,F3
2014876,F3
2016953,F3
2017205,F2
2017562,F3
2018009,M2
2018352,M3
2018494,M2
2018696,F3
2024190,M3
2024200,F3
2025989,F3
2026169,M2
2027655,F3
2029046,M2
2029343,M2
2030053,M3
2030060,M3
2030397,F3
2030558,M3
2030588,M3
2030704,M3
2030998,F3
2031070,M2
2031730,F3
2031768,F3
2031846,M3
2031860,M3
2031943,F1
2032119,F3
2032764,M3
2033003,F3
2033203,M3
2033973,M1
2034308,M3
2034649,M3
2035525,M3
2036137,M3
2037604,M3
2039685,M3
2040287,F3
2040804,M3
2041180,M2
2043040,F3
2044256,F3
2045976,F2
2047755,F3
2048279,M3
2048580,F2
2049056,M2
2065263,M3
2072703,M3
2074950,F1
2075969,F2
2076731,F3
2081315,F2
2081646,M2
2107528,F3
2107724,M2
2108640,F3
2113325,F2
2115200,M2
2119928,F1
2121848,F3
2122265,F3
2123733,F1
2124303,F1
2126927,F3
2127518,F1
2128505,F3
2128521,F3
2130043,F2
2137398,M1
2143096,M1
2143177,F3
2143696,F1
2144882,F3
2145967,M3
2153884,F3
2156257,M3
2156878,M3
2157436,M1
2169542,F2
2170412,F2
2170604,F3
2172490,M1
2175959,F2
2176448,F3
2181294,F3
2182335,F1
2182826,M3
2183057,M1
2184411,M1
2184655,M1
2190906,M3
2191491,M3
2193200,F1
2193877,M3
2194649,M1
2198993,F2
2201141,F1
2204550,F2
2204670,F3
2208440,M3
2212738,F1
2218363,M2
2220326,M3
2220557,F3
2221042,F1
2221319,F3
2222200,M2
2222792,M3
2224412,F2
2226870,F2
2228447,F1
2229143,F3
2229554,M1
2229785,M3
2230567,M2
2231053,M2
2236512,F2
2239456,M2
2243272,F2
2243704,M2
2245801,M2
2247756,F3
2250097,M2
2252853,F2
2253235,M2
2254623,F1
2255575,M3
2255600,F3
2256169,M2
2257092,M3
2257127,F2
2257354,F1
2257374,F2
2257917,F3
2258209,M1
2258717,M3
2260404,M2
2260818,M1
2260900,F3
2261832,M3
2263996,M2
2264228,M1
2265345,M2
2266448,F2
2267994,M1
2268309,M3
2269632,M2
2271350,M3
2271833,M2
2273527,F3
2277808,F3
2278082,M1
2279837,M3
2280560,F1
2280603,M1
2282299,M3
2282616,F2
2282946,M3
2285013,F2
2285826,F2
2286569,F3
2287915,M2
2290258,F2
2291585,M2
2291752,M3
2296094,M3
2296168,F2
2297379,F1
2298954,M3
2299461,F3
2301345,M3
2302727,M3
2302788,F3
2304208,M3
2305622,F3
2306077,M3
2306498,F3
2307705,F3
2308351,M3
2308783,F2
2309456,F3
2311024,F3
2313685,M1
2313716,M3
2316160,F3
2316313,M2
2316330,F3
2317541,F3
2319097,M3
2319329,M2
2320618,F3
2320721,M3
2321037,M1
2322194,M2
2322536,M1
2322779,M2
2322946,M3
2325608,F3
2325683,M2
2329796,F1
2334104,F3
2334969,M3
2336087,M3
2336690,M3
2338287,M2
2340337,M2
2341826,M2
2343331,M2
2343862,F2
2345625,M3
2348753,M3
2350165,F2
2350257,M3
2350496,M2
2350934,F2
2351882,M1
2352714,F2
2353685,M2
2354063,M3
2354087,F2
2354106,F2
2354519,F1
2355305,F2
2365185,F3
2365465,M2
2372261,F3
2375626,F2
2376147,M1
2378810,M3
2379569,M1
2396122,F3
2397646,F3
2408172,M3
2408320,F3
2408917,M3
2409918,F1
2410056,M2
2413934,F3
2418460,F1
2419640,F3
2422156,F2
2424648,F3
2424814,F2
2424863,F2
2427541,F3
2429101,M3
2442225,M1
2444754,M3
2446938,M3
2447714,F2
2447837,F3
2449196,M3
2449919,M2
2450485,F1
2451198,M1
2451319,F2
2451548,M1
2453974,F3
2456669,F1
2457744,F3
2458389,M2
2461145,M3
2461204,F3
2461442,M2
2463687,M3
2464487,F2
2466432,M1
2466842,F3
2469683,F2
2471325,F2
2472245,M1
2481119,F3
2485232,F2
2489640,F2
2489997,F1
2492606,F3
2493766,M3
2500806,F3
2508715,F1
2531886,F2
2535334,F3
2535706,F3
2548506,M2
2550247,F2
2550267,F2
2551084,F1
2551433,F3
2553267,M3
2555472,M1
2555979,F1
2556517,F3
2556704,M1
2560455,F1
2560843,M2
2561543,M2
2562002,F1
2565219,F1
2565477,F2
2565770,F3
2572517,F1
2573124,F2
2577030,M3
2578463,F3
2581890,F1
2582219,M2
2583534,F3
2587002,M3
2587863,M2
2591755,M3
2599413,F2
2600542,F1
2601514,F3
2602064,F1
2602158,F2
2602915,F1
2603183,M3
2607400,F3
2607534,M3
2607703,F2
2611744,M2
2616100,M1
2616548,F2
2633483,F2
2636344,F2
2640752,M2
2654979,M2
2677212,F3
2679875,F3
2682491,F2
2689631,M3
2690624,F1
2698729,F3
2702143,M3
2702361,F2
2704535,F2
2707758,F3
2708850,F1
2709448,F2
2710812,F3
2713231,M1
2713286,F3
2714037,M2
2724885,M2
2725662,M2
2726369,M3
2727950,M1
2728206,M2
2729761,F3
2730303,M3
2731079,M3
2732767,M3
2734060,M3
2734136,M3
2734994,M2
2737735,F2
2738279,F2
2739768,F2
2739793,F2
2739913,M2
2742017,M3
2742050,F3
2742866,F3
2743392,M2
2744130,F1
2744739,F3
2745581,F3
2748617,M2
2750272,F3
2752210,F3
2752916,F3
2753108,F2
2753935,F2
2756974,F2
2758059,M3
2760123,F1
2760203,M2
2761095,F1
2761222,M3
2762312,F3
2762821,M3
2764302,M1
2764322,F3
2764349,M1
2764601,M2
2764685,M3
2769675,F1
2769763,M3
2770189,F2
2770209,F1
2770393,M3
2771438,M3
2771963,F2
2772870,F3
2773112,M3
2773345,M1
2773532,M2
2774938,M2
2776125,F2
2776530,F2
2779877,M3
2780285,F2
2790129,F1
2799573,M1
2803101,F2
2804364,F1
2804823,M3
2804833,M3
2805272,F3
2805870,M3
2806467,F3
2806666,M1
2807310,M2
2808963,F1
2810134,M3
2815096,F3
2816749,F3
2817044,F3
2819031,M3
2819308,F2
2820280,F3
2820529,M3
2822122,F2
2822399,M3
2823518,F2
2823773,M3
2829672,F3
2836088,F3
2838295,M1
2844015,M2
2846095,F3
2846387,F1
2846558,M3
2847939,F2
2848646,M3
2850362,M3
2851321,F3
2851567,M3
2853180,M3
2855303,F3
2855352,M3
2856453,F3
2859600,F3
2873041,F2
2877399,F2
2878252,M3
2881017,M3
2882144,M3
2882288,M3
2884772,M1
2885379,F1
2888159,M1
2892785,M3
2893117,F3
2895307,F2
2899380,M3
2901126,F2
2902592,M2
2903182,F2
2905674,M2
2905987,M3
2906460,M3
2906560,M1
2906762,F3
2907412,M3
2908332,F1
2909686,F1
2910440,F2
2911433,M2
2912499,M3
2913196,M3
2913232,F3
2914762,F3
2914866,M2
2915263,M2
2917475,M2
2918335,F3
2919039,M1
2919593,M1
3000080,M1
3000156,M1
3000729,F2
3001016,F3
3001216,F2
3001271,M2
3001369,M3
3001530,M1
3001748,F2
3001766,F3
3002322,F2
3003096,M2
3003101,F3
3003314,M2
3003578,M2
3004194,F1
3004311,F2
3004332,F2
3004575,F1
3004639,F1
3004902,M3
3004913,M3
3004966,M1
3005000,M3
3005033,F3
3005827,F3
3005949,F3
3006214,M3
3006308,M2
3006536,F1
3006595,F1
3006969,M3
3007041,M1
3007106,M1
3007175,F2
3007326,M1
3007611,F3
3007731,F3
3008305,F1
3008499,F2
3008917,F1
3009352,F3
3009507,F2
3009750,F2
3009792,F3
3009942,F2
3010002,F3
3010031,F3
3010185,F3
3010225,M3
3010316,F3
3010391,M3
3010511,F2
3010589,F2
3010796,F2
3010799,F2
3010987,M3
3011121,F3
3011444,F3
3011516,M2
3011940,F3
3011991,F2
3012129,F2
3012172,M2
3012329,F2
3012372,M2
3012418,F3
3012468,F3
3013013,F3
3013086,M2
3013109,M2
3013647,M3
3014171,F1
3014232,M2
3014326,M3
3014363,F3
3014436,M1
3014478,F3
3014492,M3
3014619,M3
3014721,M3
3015158,M2
3015178,F2
3016123,M2
3016486,M2
3016553,F1
3016577,F2
3016870,M3
3017544,F3
3017598,F3
3017616,M2
3017695,F3
3017922,F3
3018011,M3
3018187,M3
3018226,M3
3018412,F3
3018869,F3
3018874,M2
3019385,F2
3019409,M3
3019458,F3
3019494,M1
3019639,M1
3019655,M2
3019732,F2
3019909,M3
3020089,F2
3020177,F3
3020758,M1
3020825,M2
3021164,F3
3021281,M3
3021317,M3
3021345,F3
3021677,M1
3021800,M3
3021829,F2
3022320,F2
3022669,M1
3022892,F1
3022911,F3
3023081,M2
3023176,M3
3024282,F2
3025128,F1
3025800,F1
3026070,M2
3026149,F1
3026225,F1
3026289,F2
3026447,M2
3026488,F2
3026676,F3
3026826,M2
3027136,F2
3027378,M3
3027505,M3
3027553,M3
3027646,F1
3027874,F1
3027917,M3
3028758,F1
3028886,F3
3029055,M1
3029126,F2
3029255,F2
3029956,M2
3029966,F3
3030302,F3
3030386,F3
3030745,F2
3030783,M3
3031012,F3
3031116,M3
3031163,M2
3031281,F2
3031590,M3
3031747,F3
3031989,M3
3032342,F2
3032791,F2
3032890,F3
3033000,F2
3033143,M2
3033228,M3
3033250,F2
3033265,F3
3033286,F2
3033615,M2
3033672,M2
3033856,M1
3034065,F3
3034098,M2
3034232,M1
3034290,F3
3034304,F2
3034331,F2
3034372,F3
3034714,M3
3034786,M3
3034917,M2
3035155,M2
3035736,F3
3036216,F3
3036580,F2
3036664,M1
3036717,M3
3037098,M2
3037231,F3
3037454,F3
3037649,F3
3037783,M3
3037857,F3
3038008,M3
3038045,F3
3038440,M3
3038456,F3
3038633,M3
3038963,F3
3039083,F2
3039719,M1
3039836,M2
3040086,M3
3040484,M2
3041285,F1
3041764,F3
3041794,F3
3042191,F3
3042394,F2
3042470,M3
3042874,F3
3043193,M3
3043336,F1
3043340,M2
3043466,F3
3043663,F1
3044812,M2
3045004,F3
3045251,F3
3045278,F3
3045577,M2
3045740,F2
3045796,F2
3045843,M3
3046226,F2
3046304,F2
3046318,M2
3046324,M2
3046681,F2
3046769,F1
3046868,M3
3046895,M3
3046954,M3
3047173,F3
3047331,F1
3047516,M3
3047752,M1
3047887,F2
3049025,M2
3049390,M3
3049451,F1
3049610,F1
3049659,M1
3049888,M1
3050057,M3
3050372,F3
3051166,M3
3051224,M2
3051430,F3
3051577,M3
3052504,M3
3053429,F1
3053585,F3
3053826,M2
3054102,F3
3054260,F3
3054728,M1
3054878,M1
3054922,F1
3055583,F3
3055614,M3
3055934,M3
3057521,M2
3057531,F3
3058309,F3
3058604,M3
3058807,F1
3059385,F2
3059414,F3
3059729,M3
3059940,M3
3059946,M3
3060368,F3
3060749,M1
3061150,F1
3061613,M1
3061814,F3
3061957,M1
3062035,M2
3062089,M2
3062635,F3
3062967,F2
3063086,M1
3063688,M2
3064000,M3
3064438,M2
3064457,M3
3064681,F3
3064908,M3
3065193,F3
3065579,M2
3066467,M3
3066473,M1
3066729,M1
3067417,F3
3067828,M1
3068027,M3
3068488,F2
3068786,M1
3068977,M3
3069290,F3
3069425,M3
3069847,F3
3069920,M3
3070187,F1
3071214,M3
3071531,M3
3071540,F3
3071776,M2
3071780,F3
3071986,F2
3072440,M2
3072581,M1
3072734,F2
3072864,M3
3073330,M3
3073520,M3
3073952,F2
3074332,F1
3074754,M1
3075255,M1
3075610,M3
3075952,M3
3076100,M1
3076315,F3
3076711,M3
3077309,F3
3077483,M2
3077650,F1
3077820,M3
3078458,F1
3079225,F1
3079294,F1
3079468,F3
3079733,M3
3080100,F1
3080838,M1
3081038,M2
3081121,M3
3081187,M3
3081474,F3
3081988,M3
3082510,F3
3082821,M2
3083322,F1
3083572,M3
3083597,M2
3083793,F3
3084361,F2
3085389,M1
3085552,M3
3085778,M3
3086229,M2
3086271,M3
3086621,F3
3087240,M2
3087714,F2
3087766,M3
3088614,F2
3088903,F2
3089970,M1
3090855,M2
3091301,M3
3091798,M3
3091948,M2
3092273,F2
3092516,M3
3093068,M2
3093172,F3
3093309,F2
3093345,M3
3093463,M1
3093698,M1
3094464,F3
3094855,F3
3095773,F2
3095859,F3
3096078,F3
3096461,M2
3096753,F2
3097273,M2
3097304,M1
3097576,F3
3097592,F3
3097664,M2
3097760,F3
3097856,M3
3099469,M1
3099925,M3
3100127,M1
3100252,F3
3100924,M1
3101288,M2
3101613,M3
3101721,M2
3101800,M3
3101811,F3
3102247,F3
3102502,F1
3103125,M2
3103245,M3
3103429,F3
3103456,M3
3104180,M2
3104346,M1
3105792,F2
3106128,M2
3106429,M1
3106479,F3
3106630,F2
3106746,M3
3106759,M2
3107294,F2
3107573,F1
3107619,M3
3109008,F2
3109323,F3
3109360,F3
3109449,F3
3109929,F3
3110075,F3
3110172,F3
3110243,M3
3110819,M2
3110930,F3
3111025,F3
3111351,F3
3111731,M3
3112075,M3
3112497,F2
3112648,F3
3113141,F3
3113735,M2
3113846,M2
3114225,F3
3114800,F3
3115195,M3
3115627,F2
3115833,F3
3115947,F3
3116436,M3
3116540,M3
3116756,F3
3117860,M2
3117926,M2
3118170,M3
3118407,M3
3118495,F3
3118610,F2
3119008,M1
3119084,M3
3119317,F2
3119376,M1
3120288,F2
3120476,M3
3120829,M1
3121092,F1
3121779,M3
3121830,F2
3121979,F3
3122270,M3
3123393,F3
3123516,M2
3123661,F3
3124083,M3
3124177,M2
3124202,M1
3124382,M3
3124496,M3
3124583,M3
3125012,F3
3125222,M2
3126282,M3
3127511,F2
3127694,M1
3128587,F3
3128754,F3
3129004,F3
3129396,F2
3129497,F1
3129608,F2
3130320,M3
3130368,F3
3130413,M1
3130870,M3
3130927,F2
3131395,F1
3132456,F3
3132550,M3
3133015,F2
3133144,F2
3133410,F3
3133938,F2
3134172,F3
3134935,F1
3134959,M1
3135362,M1
3136335,M3
3136469,F3
3136621,M3
3136693,M1
3136775,F1
3136875,M3
3137500,F3
3137755,M2
3138821,M3
3139223,M1
3139460,M2
3139485,M3
3139508,M3
3139543,M3
3139576,F1
3139704,M3
3139808,M2
3139898,M3
3139944,M3
3140360,F2
3140470,F3
3140528,M2
3141010,M1
3141148,F3
3141358,M3
3141843,F1
3141891,F3
3141932,M3
3141975,M3
3142195,M3
3142240,F1
3142450,F3
3142546,M3
3142928,M3
3143053,F2
3143067,M3
3143082,M1
3143290,M3
3145342,F3
3145630,M3
3145758,F3
3145788,M3
3145914,M1
3146382,F1
3147555,M1
3147754,M1
3147789,M3
3148131,F3
3148374,M3
3148709,M2
3148844,M3
3148880,F3
3149349,F3
3150781,F1
3151377,M3
3151655,M2
3151689,F1
3151872,M2
3151959,M3
3152001,M3
3152077,F2
3152294,F3
3152450,M3
3153048,F2
3153165,M3
3153173,M1
3153195,M3
3153482,M2
3154597,M3
3154765,F3
3156097,F3
3156720,F3
3156836,M3
3156878,M2
3156944,M3
3157475,M3
3157970,F3
3158144,M1
3158187,M3
3158287,F3
3158364,M3
3158845,M3
3159070,M3
3159214,M1
3159540,M1
3160260,F3
3160312,M3
3160997,F2
3161043,M3
3161804,F2
3162399,M2
3163677,M2
3163872,F1
3164231,M3
3164315,F2
3164992,F3
3165988,F2
3166027,F3
3166064,M3
3166134,M1
3166933,M3
3167411,F2
3167706,F3
3167721,M1
3167732,M3
3167877,F3
3168650,F1
3169470,M3
3169564,F3
3170812,F3
3170816,M2
3170997,M3
3171006,F3
3171030,F1
3171211,F3
3172284,F3
3172749,F1
3173094,M3
3173115,F3
3173736,F1
3173840,F2
3174015,F3
3174460,F2
3174683,F2
3175218,F3
3176818,M3
3177365,M1
3177955,F2
3178253,M2
3178357,F1
3178532,M3
3178702,M3
3179401,F3
3179584,F3
3180192,M2
3180470,M2
3180782,F1
3180829,F3
3181064,F3
3181116,F2
3182086,F2
3184400,M3
3184461,M3
3184540,M2
3184688,M3
3185102,M3
3185233,F2
3185315,F3
3185780,M3
3186322,F3
3186554,F1
3186840,M3
3186892,M3
3187547,F3
3188391,M1
3188847,F3
3189303,M1
3189388,M2
3189448,M3
3189712,F3
3189778,F2
3189865,F2
3189961,F3
3189978,F1
3190267,M2
3190316,F3
3190690,M3
3190888,M3
3190998,F3
3192796,M2
3192808,F1
3192965,M2
3192972,M1
3193677,F1
3193721,M1
3193762,F3
3194123,F3
3194558,F3
3194742,M2
3195091,F3
3195157,M2
3195738,F3
3195969,M2
3196232,M1
3197079,M3
3198293,F3
3198307,M3
3199068,F3
3199085,M3
3199258,M2
3199354,M3
3199529,F3
3199733,M2
3200348,M3
3200394,M2
3200762,F3
3200812,F3
3201068,F3
3202393,M1
3202875,F2
3203377,F3
3204084,F1
3204362,F3
3204475,F2
3205127,F3
3205138,F3
3205455,M2
3205461,F1
3205802,F2
3205883,F3
3206680,F3
3206694,M2
3206864,M2
3207153,M3
3207754,F3
3207801,F3
3208262,F2
3208363,F3
3208522,F3
3208702,F1
3209305,F2
3209593,F1
3209864,F3
3209993,F3
3210343,F1
3210844,F2
3211280,M3
3211916,F1
3212235,F3
3212246,M3
3212659,F1
3212690,F1
3212885,F3
3212979,M1
3213392,F3
3213451,M2
3213459,M3
3213582,M2
3213777,M3
3214072,F3
3214232,F3
3214398,F3
3214794,F3
3215147,F3
3215155,M2
3215505,M1
3215791,M3
3215810,M2
3215855,F3
3215974,M3
3216165,M1
3216203,M3
3216378,M1
3217507,M3
3220464,F3
3221000,F2
3221132,M1
3221748,F3
3221856,M3
3222098,M3
3222136,F3
3222593,M3
3223218,M1
3223615,M1
3223864,M3
3224396,F3
3224539,M3
3225081,F3
3226095,F1
3226247,M2
3226479,M1
3226589,F3
3229124,F3
3229351,F3
3229391,M3
3229481,M2
3230087,F3
3230254,F1
3230589,F2
3230609,M3
3231889,F1
3232034,M1
3232082,M1
3232213,F3
3232619,F3
3232685,F2
3233028,F3
3233807,M1
3233813,F3
3233905,F1
3233937,M3
3234190,F3
3234353,M1
3234581,M3
3234863,M2
3235054,F1
3235203,F3
3235260,F3
3235613,F1
3237078,M3
3237084,F2
3237642,F3
3237829,F1
3238039,M1
3239068,F1
3240260,F3
3241556,F3
3241704,F3
3242792,M3
3243131,M3
3243306,M1
3243341,M1
3244817,F1
3244973,M2
3245113,M3
3245117,M2
3245223,F1
3245373,M2
3245492,M2
3245822,M3
3245898,F3
3246038,F3
3246100,M1
3246222,M2
3246372,M3
3246406,M3
3246613,M3
3247801,M1
3248681,M2
3249188,M3
3249208,F1
3249957,M1
3250145,M2
3250550,M3
3250697,M3
3250870,F2
3251492,F2
3251593,F3
3251785,F2
3252988,F3
3253579,M1
3253862,M2
3255135,M3
3256761,M3
3257068,M3
3257393,F2
3258261,F3
3260951,F1
3261123,F2
3261192,M2
3263178,M1
3263271,F2
3263987,F1
3264473,M3
3264647,F3
3267957,M2
3268006,F2
3268320,M3
3268442,M1
3269153,F3
3269176,F3
3269496,M3
3270080,F1
3270471,F3
3270715,F3
3270750,F2
3271680,M3
3272071,F3
3272210,M3
3272248,M3
3272251,F3
3272897,F3
3273110,M3
3273973,M1
3274059,F1
3274807,M2
3275565,F2
3275676,F2
3275935,M3
3276607,M3
3276895,F3
3277668,F3
3277981,F3
3278066,F1
3279615,M1
3279693,M2
3279867,F3
3280858,F2
3280929,F3
3280947,F3
3280954,F3
3281002,F3
3281100,F2
3281103,F2
3281146,F3
3281158,F3
3281174,F2
3281192,F3
3281201,F3
3281204,F2
3281236,F2
3281239,F2
3281245,F2
3281251,F2
3281254,F3
3281265,F2
3281268,F3
3281279,F3
3281328,F3
3281341,F2
3281343,F3
3281355,F3
3281507,F2
3281525,F2
3281588,F2
3281661,F2
3281697,F3
3281738,F2
3281824,F2
3281900,F3
3281907,M3
3281911,F3
3281928,F3
3281988,F3
3282001,F3
3282005,F2
3282025,F2
3282038,F3
3282140,F2
3282159,F2
3282186,F3
3282218,F2
3282241,F2
3282260,F2
3282333,F2
3282413,F2
3282496,M2
3282536,F2
3282544,F3
3282560,F2
3282610,F3
3282611,F2
3282655,F2
3282713,F3
3282727,F2
3282745,F2
3282762,F2
3282805,F3
3282806,F3
3282816,F3
3282844,F2
3282868,F2
3282973,F2
3282987,F2
3282988,F3
3283219,F2
3283276,F3
3283385,F2
3283397,F2
3283420,F3
3283434,M2
3283512,F2
3283649,F3
3283655,F3
3283659,F3
3283776,F3
3283797,F2
3284114,F2
3284198,F2
3284220,F3
3284398,F2
3284447,F2
3284483,F3
3284492,F2
3284504,F3
3284553,F2
3284578,F2
3284589,F2
3284700,F2
3284755,F2
3285165,F3
3285405,F2
3285815,F3
3286082,F2
3286201,F3
3286531,F3
3286606,F2
3286722,F3
3286809,F2
3286887,F3
3287105,M3
3287185,F2
3287513,F3
3287604,F3
3287653,F3
3287699,F2
3287719,F2
3287861,F2
3287991,F2
3288060,F2
3288438,F2
3288563,F2
3288680,F1
3288712,F3
3288715,F3
3289142,F3
3289621,F2
3289864,F3
3290299,F3
3290363,F2
3290538,F3
3290566,F2
3290638,F3
3290643,F3
3290892,F3
3290939,F2
3291073,F2
3291127,F2
3291178,F3
3291224,M2
3291381,F2
3291427,F2
3291516,F3
3291553,F3
3291643,F3
3291662,M1
3291729,F3
3291758,F3
3291779,F3
3291803,M1
3291838,F2
3291866,M2
3292269,F2
3292474,F3
3292516,F2
3292570,F3
3292580,F1
3292617,F3
3292619,F2
3292620,F3
3292630,F3
3292645,F2
3292656,F2
3292744,F2
3292833,M2
3292843,F3
3293017,F3
3293352,F3
3293384,F2
3293531,M1
3293555,F3
3293685,F3
3293886,M3
3293941,F3
3294061,F2
3294191,F2
3294202,F2
3294243,F3
3294264,F2
3294265,M1
3294310,F3
3294330,F3
3294390,F2
3294487,M2
3294491,F2
3294850,F3
3294855,M3
3295196,F2
3295318,M3
3295757,F2
3295781,F3
3295939,F2
3296686,M3
3296899,M2
3297282,F3
3297637,F2
3297732,F3
3297765,M2
3298233,F3
3298563,F2
3298721,F2
3299393,F3
3299458,F2
3299537,F2
3299650,F3
3301186,F3
3303613,F3
3303726,F2
3304486,M1
3304563,M3
3304599,F1
3305795,M1
3306093,F1
3306206,M3
3306262,F1
3307114,F3
3307424,M1
3307627,M1
3307667,M2
3308537,F1
3308576,M1
3309048,M3
3309252,F2
3309667,M2
3309823,F2
3309870,M2
3310224,F2
3310232,M3
3310298,F3
3310858,M1
3311489,F3
3311529,M2
3311612,F2
3311705,F1
3312443,M3
3312486,F2
3312546,M3
3312627,M3
3312729,M2
3313302,M3
3313630,M3
3313653,M3
3313658,F2
3313688,M3
3313727,F3
3313801,F3
3313939,M2
3314189,F3
3314217,M3
3314291,F3
3314603,F3
3314660,F3
3314742,F3
3314967,M2
3315138,F1
3315234,M2
3315349,M2
3315526,M3
3315532,M3
3315810,M3
3315895,F3
3315941,F1
3315993,F1
3316005,F3
3316061,M1
3316369,M3
3316406,F3
3316449,F3
3316579,F3
3316708,F1
3316851,M1
3316970,M1
3317046,F3
3317078,M1
3317258,M3
3317312,F3
3317342,F2
3317398,M2
3317527,F3
3317601,F2
3317994,F1
3318230,M3
3318506,F2
3318550,M1
3319287,F2
3319315,F1
3319540,F1
3319641,F3
3319783,F2
3320374,M1
3321373,F3
3321693,F3
3322482,F2
3322877,M2
3323148,M2
3323284,M3
3323459,M2
3323843,M2
3323952,F3
3324103,F1
3325200,F1
3325272,F1
3326080,M3
3326305,M1
3326411,M1
3326653,M1
3327176,F2
3327273,F3
3328296,F2
3329068,M3
3330164,M2
3331584,F1
3331682,M2
3333553,M2
3333563,F1
3334117,M3
3334561,F3
3334656,M2
3334677,F3
3334798,M3
3334803,F3
3334830,M3
3334925,M1
3335018,M3
3335059,M2
3335281,F3
3335312,F3
3335457,F2
3335668,F3
3335872,M3
3335902,F3
3335937,F3
3336103,F2
3336305,M3
3336631,F3
3337298,F3
3337723,M2
3337762,F1
3338797,F3
3339530,M1
3339574,M2
3339840,M3
3339987,M1
3340590,F2
3340716,M3
3340739,F2
3341087,M1
3342394,F2
3342843,F3
3343151,M2
3343219,F1
3343524,F3
3344084,M1
3344135,F3
3344594,M2
3344893,M3
3344933,M1
3344946,M2
3345321,F3
3345965,M2
3346514,M1
3346842,F3
3347258,F3
3347496,F1
3348452,M3
3348519,M2
3348916,F3
3349236,F1
3349316,M2
3350172,M1
3351315,M1
3351675,F3
3351980,M1
3352192,F2
3352626,F1
3353797,F1
3354120,F3
3354453,F1
3354694,F3
3355078,F3
3355739,F1
3355967,F1
3356049,M2
3356633,F3
3356821,M3
3357376,F1
3357524,M3
3357536,M3
3358092,F1
3358366,M2
3358465,F2
3358858,F1
3359049,F2
3359109,F1
3359354,F1
3360451,M3
3361335,F1
3361902,F1
3362707,F3
3363155,F1
3363856,F2
3363857,F1
3364190,M3
3364591,M3
3364797,M2
3365950,F1
3366823,M2
3367073,M1
3367307,M2
3367890,F1
3367921,F1
3369413,M1
3369678,F1
3369697,F3
3369884,F3
3370145,M1
3370727,F1
3371820,M3
3372429,M1
3372944,F3
3373470,M1
3374066,F2
3374429,F2
3374681,M2
3374777,M2
3374899,F3
3376425,M1
3377261,M3
3377362,F2
3377907,F1
3378092,M3
3378416,M3
3380003,M3
3380620,M3
3381425,M3
3382410,F1
3382572,F1
3382750,F3
3382768,F2
3383431,F1
3383674,F3
3384057,M3
3384231,F3
3384275,F1
3384514,F3
3384962,F3
3385208,M3
3385221,F3
3385265,F1
3386121,M3
3386399,F3
3386830,M2
3386890,F1
3387047,F3
3387176,F2
3388148,M1
3388351,M3
3388383,M2
3388979,F3
3389085,M1
3389135,F3
3389357,F3
3389378,F3
3389527,F3
3389804,F1
3389971,F1
3390372,F2
3390421,M3
3390991,M3
3391120,M3
3392405,M1
3393367,M3
3393740,F3
3393824,F1
3394059,F1
3394131,M2
3394419,F3
3394513,M3
3394647,F1
3394649,M3
3394654,M3
3394690,F1
3395142,M3
3396169,M3
3396707,M2
3396855,F3
3396858,F1
3396992,F2
3396993,F2
3397612,F1
3397624,F2
3397884,M3
3398238,F1
3398562,F1
3399019,M1
3399446,M2
3399818,F2
3399915,M1
3400000,M2
3400066,F1
3400230,M2
3400282,M3
3400343,F3
3400407,F3
3400575,M2
3400853,M3
3401433,F3
3401780,M3
3401781,M2
3402213,M3
3402315,M2
3402395,F1
3402412,F2
3402479,M2
3402493,F3
3402686,F1
3402727,M1
3403615,M1
3403624,M3
3404019,F3
3404335,M3
3404518,F3
3404539,M2
3404675,M2
3404908,F3
3405618,F3
3405621,F2
3405718,M2
3405945,M2
3406754,M1
3407247,F3
3407420,M3
3407961,F3
3408155,M3
3408335,F3
3408556,M3
3408574,M3
3408702,M1
3408908,F3
3408928,M1
3409191,M2
3409217,M3
3409465,F3
3410137,F3
3410255,M1
3410278,M2
3410608,M3
3410898,M2
3411137,F2
3412039,M2
3412062,F2
3412197,M3
3412243,M3
3412698,M2
3412759,F2
3412792,F1
3412847,F2
3413268,F3
3413477,M2
3413518,M3
3413615,M2
3414433,M3
3415180,M3
3415333,M3
3415475,F2
3416229,F3
3416562,M2
3417866,M1
3418708,M1
3419329,M2
3419748,M3
3419980,M3
3420306,M1
3420523,M3
3421106,M1
3421302,M3
3421374,M1
3421728,M1
3422791,M2
3422949,M2
3423289,M3
3423341,F3
3423904,M3
3424137,F3
3424400,F2
3424640,F3
3424675,M1
3424758,F3
3424791,F2
3424812,F2
3424998,F3
3425125,M3
3426441,F1
3426459,M3
3426757,F1
3426829,M2
3427403,M3
3427757,F3
3428188,F2
3428287,M3
3428447,M3
3428686,M2
3429031,M3
3429111,M3
3429129,F3
3429132,M3
3429297,M3
3429398,M1
3429517,M2
3429779,F3
3429902,M2
3430011,M3
3430165,F3
3430242,F2
3430415,F3
3431693,F3
3431964,F3
3432064,M1
3433061,F3
3433488,F1
3433747,F3
3434318,F1
3434349,M1
3434901,M3
3435117,F1
3435311,M2
3435394,F3
3435415,F3
3435453,F3
3435756,M3
3435762,M3
3435831,M3
3436001,F3
3436080,M3
3436249,M3
3436393,F1
3436547,M1
3436577,M3
3436681,M3
3436833,F3
3437187,F3
3437828,M1
3437866,M3
3437873,M3
3437965,M1
3438450,M1
3438511,F1
3438911,M2
3439397,F2
3439611,M1
3439688,F3
3439862,M3
3439966,F3
3440327,F1
3440507,M3
3440977,M3
3441331,M2
3441433,M3
3441603,F3
3442486,M1
3444117,F1
3444601,M3
3445026,M2
3445958,F1
3445975,M2
3446558,M2
3446632,M3
3446977,M2
3447141,M1
3447387,F2
3447491,F1
3447747,F2
3447786,M3
3447960,M1
3448013,M3
3448478,F2
3450191,F1
3450714,F2
3450928,M1
3451028,F3
3451195,M3
3451627,M1
3452633,M3
3453597,F3
3453719,M1
3454166,F2
3454314,F3
3454331,M3
3454599,M3
3454678,M3
3454783,M2
3454851,M3
3455257,M3
3455453,M3
3455596,M2
3456285,M2
3456396,F1
3456531,M2
3456542,M2
3456598,M3
3456632,M1
3456768,M3
3457388,M1
3457567,M2
3457589,M1
3457614,M2
3457630,F2
3457858,M3
3458122,M2
3458191,M2
3458238,F3
3458654,M3
3458989,M3
3459083,M2
3459096,M3
3459140,M3
3459336,F1
3459458,F2
3459516,M1
3459724,M3
3459996,M3
3460022,F3
3460064,M2
3460136,M2
3460310,M3
3460322,M3
3460352,F3
3460400,F2
3460450,M3
3460457,F3
3460782,M3
3460869,M2
3460905,M2
3460931,M2
3461082,M3
3461297,F3
3461654,F2
3461713,M3
3461961,F2
3462010,M2
3462315,F3
3462694,M2
3463076,F1
3463160,M2
3463213,M1
3463313,M2
3464090,F2
3464830,F3
3465095,M2
3465310,M1
3466234,F1
3466403,M2
3466843,M2
3466923,M2
3467057,M3
3467349,F2
3467704,M1
3469317,M3
3469672,F3
3470104,M1
3471009,F3
3471094,F2
3471425,F3
3471603,F3
3472104,M3
3472454,M2
3472471,F3
3472753,M3
3472907,M1
3473653,F3
3474231,M1
3474271,F1
3474471,M2
3474629,M3
3474999,M3
3475176,M3
3475345,F3
3475931,M3
3477374,F3
3477987,F2
3478553,M3
3478790,F2
3479164,M3
3479304,F1
3479801,M1
3480226,F3
3480719,F3
3481018,M1
3481132,M2
3481787,M3
3482256,M1
3482424,M3
3483109,F3
3483212,M2
3483373,F2
3483472,M1
3484127,F3
3484165,M2
3484204,M1
3484248,F3
3484904,M2
3485194,F2
3485991,F2
3486365,M3
3486431,M2
3486486,F3
3486605,F1
3487059,F2
3487441,M2
3487939,F2
3488691,M2
3489315,F2
3489348,M1
3489801,F3
3489839,M2
3489842,F1
3491167,M3
3491473,M3
3491514,M1
3491886,F3
3491911,M2
3492015,M3
3492426,M1
3492793,F1
3493043,M3
3493748,F2
3493764,M2
3493783,M2
3494521,M1
3494929,M3
3494991,M2
3495199,M1
3495519,M2
3495630,M3
3496383,F3
3497094,M3
3497570,F3
3497736,M1
3497818,M3
3497988,F3
3498684,F1
3498835,M3
3499467,M3
3500022,F3
3500024,F2
3500324,F1
3500344,M3
3500406,M3
3500516,M2
3500825,F3
3500989,M3
3501018,M3
3501478,F3
3501486,M3
3501593,M2
3502121,M2
3502618,M1
3503084,F1
3503094,M3
3503158,F2
3503304,F3
3504346,M1
3504563,F2
3505369,F1
3505644,F1
3505666,F3
3505747,M3
3505825,F1
3506373,M3
3506780,M2
3506862,F3
3507315,M1
3507385,M3
3507745,F3
3507880,M2
3508597,M1
3508729,M3
3508742,M1
3509422,M3
3509547,F3
3510690,M1
3510745,M1
3510758,F1
3510774,F3
3511130,M3
3511155,M1
3511225,F2
3511407,F1
3511526,F1
3511648,F3
3511894,M3
3511917,M1
3512295,M1
3512381,F1
3512688,M1
3512774,M2
3512953,M3
3513496,F2
3513795,M3
3513963,M2
3514244,M3
3515745,M2
3515810,M3
3515846,F3
3515875,F3
3516165,M1
3516324,F1
3517746,M2
3518268,M3
3518805,F1
3519720,M1
3521236,M1
3521373,M2
3521886,F2
3522548,F1
3522578,M3
3523486,M2
3523528,M2
3523616,F1
3525117,M3
3525148,F1
3526935,F1
3528153,F3
3528344,F2
3528679,M2
3528776,M1
3528821,F1
3529459,M1
3529590,F3
3529616,M2
3530575,F1
3531495,F3
3531594,M2
3531615,M1
3531806,M1
3532290,F2
3532664,M3
3532776,F3
3532826,M2
3533011,F3
3533311,M2
3533552,F3
3533893,M1
3533981,M1
3534060,M1
3534335,M3
3534766,M3
3535523,M2
3536011,M1
3536196,M2
3537022,M1
3537114,M1
3537654,F1
3538366,M3
3539341,F1
3539344,M3
3539821,M1
3540263,M2
3540461,F3
3540988,F1
3541748,F1
3542836,F3
3543215,F3
3543245,F3
3543869,F3
3544501,M3
3545855,M1
3546222,F1
3546784,M1
3546941,F2
3546951,F3
3547358,F1
3547874,F3
3549919,M2
3549934,M2
3550161,M1
3551108,F2
3551461,M2
3552162,F3
3552231,F3
3552471,F2
3552664,M3
3552809,M2
3553373,M1
3553727,M1
3554267,M2
3554488,M3
3554968,M3
3555094,M2
3555243,M3
3555311,F3
3555486,F3
3555576,F3
3555767,M3
3555967,F3
3556020,M2
3556411,M3
3556514,F2
3557003,M3
3557026,M3
3557448,M3
3557491,F3
3557788,M3
3558316,M2
3559700,M3
3559955,F3
3560458,F1
3560611,F3
3562777,F2
3563033,M3
3563193,F2
3563234,M2
3563301,F2
3563543,M2
3563645,M3
3564044,F3
3564120,M1
3564174,M3
3564664,M3
3564881,M3
3565271,F2
3565437,M2
3565580,F2
3566155,F1
3567070,M2
3567333,M2
3568341,M3
3568675,M3
3568684,M3
3568833,M3
3569079,F3
3569499,M3
3570002,M1
3570276,F3
3570504,M2
3571266,F1
3571474,M2
3571753,M2
3571969,M2
3573144,M2
3573550,F2
3573853,M3
3574686,M3
3575192,M2
3576103,M3
3576411,F2
3576479,F3
3576865,M1
3577222,M1
3577433,F2
3577673,F1
3578109,F1
3578526,M2
3578736,M1
3578827,M1
3579046,F3
3579387,M2
3579904,M3
3580080,M1
3580784,M3
3580868,M1
3582114,M1
3582375,M2
3583113,F3
3584214,M3
3584799,M2
3585368,F1
3585917,F3
3586364,F1
3586784,M3
3587038,M3
3587402,M3
3587560,M3
3587790,F2
3588073,F3
3588277,M2
3588658,M2
3588790,M3
3588798,M1
3588861,F2
3589991,M1
3590067,F3
3590615,F2
3590858,F1
3591040,M3
3591164,M2
3591743,F3
3592293,F3
3592418,M2
3592668,M3
3592763,M3
3593125,M3
3593243,M2
3593839,M1
3593857,F3
3593868,M2
3594218,M1
3594764,F2
3594883,M2
3595297,F2
3595845,F2
3596092,M3
3596115,F1
3596181,F2
3596500,F3
3596767,F3
3597510,F2
3597696,F2
3597699,F2
3598411,F3
3598454,M3
3598571,M3
3599452,M1
3599638,M1
3600071,F2
3600307,M2
3600397,M2
3600455,F3
3600954,M2
3601258,M1
3602471,F3
3602537,M1
3602595,F1
3602628,F1
3603674,M2
3603887,F1
3604253,M2
3604329,M3
3604346,M2
3604382,F2
3605892,M2
3605994,M1
3606263,M3
3606772,M1
3606816,F2
3606943,F3
3607013,M2
3607566,F2
3607701,M2
3608132,M1
3609612,F1
3609681,M2
3609990,M3
3610980,M2
3611873,F3
3613094,F3
3613147,M2
3613296,F1
3613721,M3
3614072,M2
3614233,F3
3615257,F3
3615783,F1
3616376,F3
3616902,M1
3617057,F2
3617099,M3
3617198,F3
3617260,F2
3617560,M2
3618128,F1
3618345,M1
3618729,F3
3619162,M1
3619547,F1
3620105,M1
3620311,M1
3620575,M2
3620851,M3
3621322,F1
3621431,M2
3621798,M1
3621812,M2
3622179,F2
3622679,M2
3622880,M3
3623058,M2
3624641,F1
3624673,F3
3625019,F1
3625954,F1
3625997,M1
3626181,F3
3626596,M3
3626931,F3
3626983,M3
3628111,M3
3628248,F2
3628460,F2
3630028,F1
3630779,M2
3630845,M1
3631199,M3
3631300,F2
3632311,F2
3632731,F1
3633118,F2
3633983,F2
3634757,F3
3634815,M2
3634906,M1
3635482,M3
3635649,M2
3635702,M1
3636104,M3
3636636,M3
3636679,F3
3637838,M2
3638197,M1
3638519,F1
3638524,F1
3638650,M1
3638887,M1
3639091,M2
3639458,F2
3639832,M2
3640033,F2
3640036,M2
3640517,M2
3640959,M1
3641169,M2
3641224,M2
3642410,F3
3642411,M3
3645272,M3
3645491,M2
3645727,M2
3645896,M2
3646170,M1
3646377,M2
3646537,M2
3646743,M1
3646999,F2
3647260,F1
3647463,F1
3647498,M1
3647602,M1
3648640,M2
3648704,M1
3649199,F2
3649266,M2
3649381,F1
3649427,M2
3649709,M1
3650078,F3
3650106,F2
3650513,F3
3651097,F2
3651119,M2
3651308,M2
3651443,M3
3652365,M1
3652459,M1
3652608,F1
3652687,M1
3652822,M3
3653154,F2
3653301,M2
3654092,M1
3654268,F2
3654424,F2
3656155,F1
3656314,M2
3656652,M2
3656722,F1
3657136,F1
3658713,F2
3658745,M2
3658883,F1
3659661,M1
3659678,M1
3660120,M1
3660360,F3
3660612,M1
3660936,M2
3661209,F3
3662815,M3
3663437,F2
3663706,F3
3663890,F1
3664012,F2
3665023,F1
3665299,M2
3665369,F1
3665959,F2
3666312,M2
3666370,M1
3666477,M2
3666819,F1
3667024,M1
3667581,F2
3667590,F1
3667855,F1
3668183,F3
3670288,M3
3670512,F2
3670805,F1
3670922,F3
3671026,M2
3671682,F3
3671909,M1
3672820,M1
3673077,M2
3673609,F2
3673779,F3
3674022,F1
3674083,F1
3674255,M2
3674341,M3
3674564,M2
3674775,F1
3674967,M1
3674989,F3
3675655,M2
3675717,M2
3676227,F3
3676498,F1
3676844,M1
3677111,F3
3677243,F2
3677990,F3
3678260,F2
3678525,F3
3678645,M3
3678860,F3
3678907,F3
3678956,M1
3679363,M2
3680283,M2
3680345,M2
3680353,M1
3680918,M2
3681480,F1
3681585,M2
3682900,F3
3683260,F1
3683632,F3
3684080,M2
3684508,F3
3684679,M1
3685293,M1
3685361,F3
3685542,F3
3685832,F3
3686341,F3
3686635,M2
3686807,F3
3687266,M3
3687776,M1
3688126,F3
3688946,M1
3689948,F2
3690167,M1
3690355,F2
3691092,F1
3691250,M2
3691466,M1
3691731,F1
3693112,F2
3693167,M1
3693771,F3
3693795,M2
3694129,M3
3694772,M3
3694812,F3
3695706,M2
3695742,M2
3696161,M2
3696214,F2
3696455,M1
3696923,M3
3698224,F3
3698305,M2
3698322,M3
3698426,F1
3698864,M1
3699104,M3
3699243,F3
3700491,M2
3701677,M2
3703175,M2
3703426,M1
3703690,M1
3704426,M2
3704661,F1
3705163,M1
3705206,F2
3705240,M1
3705365,F2
3706106,F3
3706436,F2
3706775,F2
3706932,M3
3706995,M2
3707442,F2
3707761,F1
3709252,F2
3711591,M3
3711930,M3
3712050,M3
3713334,F2
3713352,F2
3713759,F1
3714331,F3
3715198,M2
3715202,F1
3716406,F3
3716855,M3
3716957,M1
3720554,F3
3721178,F3
3721499,F1
3722731,F1
3722992,F1
3723121,M3
3723123,M3
3723207,F1
3723224,M2
3723741,M3
3723800,F1
3724069,F3
3724770,F2
3725179,F3
3725341,M3
3725441,F3
3725933,F3
3726458,M2
3727120,M1
3727141,F3
3727692,M1
3727949,M3
3729068,F1
3732305,F1
3732696,M2
3733031,M1
3734194,F1
3735042,F3
3735306,F3
3736099,M3
3736216,F2
3736325,M2
3736850,F3
3737022,F1
3737468,M2
3737476,M1
3737922,M3
3738322,F1
3738360,F3
3739836,F2
3740277,M1
3740281,M1
3740825,M3
3742335,F2
3742512,M3
3742520,F1
3744059,F1
3744087,M2
3744093,F1
3744454,M3
3744528,F1
3745782,F2
3745791,F3
3745909,F3
3746821,F3
3746932,M3
3747246,M2
3747360,F1
3747511,F3
3747698,F3
3748106,F1
3748128,F3
3748249,M1
3750420,F1
3750447,F3
3750519,F3
3750541,M3
3750633,F2
3751268,F2
3752153,F2
3752417,F1
3753021,F1
3753054,F3
3753205,F3
3753224,M2
3753782,M2
3753955,M3
3754066,F2
3754158,F1
3755270,F1
3755768,M2
3756227,F1
3756275,F3
3756475,F1
3756582,F2
3756970,M2
3757021,M2
3757296,M2
3757850,F2
3758323,M2
3759540,F1
3759642,M2
3760160,M2
3760382,M1
3760702,F3
3762679,M3
3762702,F2
3762789,M3
3762958,F2
3764144,M1
3764520,M2
3764602,M3
3764647,F1
3764908,F1
3765305,M2
3765420,F3
3765456,M1
3768579,M2
3768727,M3
3768955,M2
3768992,F1
3769506,F1
3769538,M1
3770399,F3
3770536,F2
3772260,F1
3772317,M2
3772421,M3
3772533,M1
3787180,M2
3787517,M1
3787565,F2
3788501,F1
3788648,F3
3788838,F3
3790326,M1
3791164,M3
3791302,F2
3791696,M2
3791954,M2
3792028,M3
3792308,M3
3792354,F2
3792382,F2
3793046,F2
3793273,M2
3793488,F3
3794701,M3
3794839,F3
3795475,F2
3795839,F1
3796621,F1
3796679,F3
3796709,M3
3796823,F3
3799027,F2
3799091,F1
3799601,F3
3799743,F1
3799821,F2
3800092,F3
3800267,M3
3800634,F3
3800673,F3
3802449,M2
3803917,M2
3803932,M1
3804090,F1
3804130,F1
3804255,F2
3804957,F2
3805346,F3
3805657,M3
3805710,F1
3806756,M2
3806918,M2
3807514,M1
3808991,F1
3809225,M2
3809639,F2
3810690,M2
3811355,M3
3811413,M1
3812540,M2
3813165,F2
3813951,F1
3814223,F3
3814490,F1
3814638,M1
3815131,M3
3815481,M1
3815688,F2
3816709,F1
3817689,M3
3818054,F2
3818154,M1
3818574,M3
3818742,F3
3820081,M1
3820292,F1
3820327,F3
3820466,M1
3820479,F3
3820793,F1
3820823,F3
3821024,F1
3821201,F1
3821346,F3
3821513,M1
3821789,F1
3821793,F3
3821814,M2
3821831,F3
3821930,M3
3822069,F1
3822396,F3
3822435,M2
3822497,M3
3822982,F2
3823329,F3
3824004,M1
3824153,M2
3824231,M1
3825094,F2
3825157,F1
3825202,M1
3826308,M1
3827463,M1
3827734,M3
3828195,F3
3828246,F3
3828761,F3
3829100,M1
3829175,F1
3829292,F3
3829649,M1
3829964,F1
3830006,M1
3830555,F3
3830717,M3
3830730,M1
3833117,F2
3833297,F3
3833465,M2
3833733,F3
3833778,M2
3835382,F2
3847885,F1
3847955,F3
3848203,F1
3849207,F3
3849408,M1
3849807,M3
3849878,F2
3849896,M1
3851001,M2
3851332,F2
3852512,M2
3852590,F1
3853683,F3
3854250,F2
3854358,M1
3854645,M2
3854895,F3
3854934,F2
3855042,M1
3855414,M1
3855683,M2
3855772,M3
3855809,F1
3856907,M3
3857139,M1
3857188,F2
3857408,M2
3858751,F2
3858803,M2
3859130,M1
3859163,F3
3859299,M2
3859946,F3
3860073,M1
3860090,M2
3860412,F2
3860968,M1
3861765,F2
3861973,F2
3862598,F2
3862732,M2
3863220,M3
3863744,M2
3863793,M1
3863893,M1
3864039,M3
3864459,M1
3864468,M3
3864496,F3
3864548,F3
3865544,F3
3865757,M2
3865768,M2
3865931,F2
3866238,M1
3866417,F3
3867093,F1
3867390,F3
3867957,M1
3868041,F1
3868437,F1
3868610,M2
3868765,M3
3869105,F1
3869248,M1
3869586,F1
3869593,M2
3870043,F3
3870150,M3
3870498,F3
3870516,F3
3873380,F1
3873606,F2
3873705,M3
3874510,F2
3874538,F2
3875082,F1
3875816,F1
3876157,M1
3876249,M1
3876329,F3
3876574,M1
3876610,F2
3876694,F1
3876789,M1
3877382,F1
3877404,F3
3877591,F1
3878158,M2
3878259,M2
3878491,M2
3879540,F2
3880039,F1
3880345,M3
3880622,M1
3880701,M1
3881643,M2
3881863,M1
3882521,F2
3882865,M3
3883595,F3
3884232,F1
3884997,M2
3885111,F2
3885678,M3
3886032,F2
3886455,F3
3887832,M2
3888151,F1
3888500,F3
3888810,F1
3889694,M1
3889806,M3
3890366,F1
3890700,F1
3890773,F1
3891032,F1
3891193,M2
3891591,M1
3891854,F2
3891940,F2
3892045,F2
3892109,F1
3892151,F3
3892154,F3
3892220,F1
3892294,M1
3892674,F3
3892686,M1
3892700,F2
3892841,M1
3893695,F1
3893884,M1
3894303,M1
3894342,M1
3894476,M1
3894563,M3
3894598,F1
3894960,M3
3894988,F3
3895339,M1
3895496,F1
3895555,M2
3895599,F3
3895685,F1
3895707,F2
3896106,F1
3896709,F1
3897100,F1
3897411,M3
3897732,M2
3897769,M2
3897801,M3
3898364,M3
3898420,M1
3898650,M2
3899034,M2
3899323,F2
3899350,F3
3899815,M1
3899967,M1
3899973,F3
3900767,M2
3900993,F1
3901314,F1
3901341,M1
3901398,F3
3901643,F3
3901684,F1
3901734,F1
3902896,M1
3903121,F1
3903161,F3
3903238,F1
3903541,M1
3904795,M2
3905404,M3
3905646,F2
3905669,M1
3906226,F3
3907232,M2
3907288,F3
3907381,F2
3907692,M1
3907933,F1
3908192,M1
3908276,F1
3908491,F2
3908701,M2
3909205,M3
3909258,M3
3909347,F1
3910658,F3
3911342,M2
3911538,M1
3911970,M1
3912161,F3
3912360,M2
3912617,F2
3913736,F1
3913854,M1
3913924,F3
3914048,M2
3915037,M1
3915233,M2
3915265,M3
3915469,F1
3915565,F2
3916015,F2
3916400,M2
3916575,M2
3916654,F3
3917678,F1
3918014,M3
3918345,M3
3918692,F1
3919088,F1
3919408,M2
3920000,F1
3920368,M1
3920553,F3
3920655,F3
3920720,F2
3921254,M1
3921431,F3
3921526,F2
3921530,F1
3922239,F3
3922802,M2
3922805,F2
3923527,M2
3923554,F1
3924123,M1
3924313,M2
3924437,M3
3925090,M2
3925604,M2
3925619,M3
3925745,M3
3925823,F3
3926042,M1
3926202,F2
3926817,F3
3926855,F1
3926887,M2
3927599,M3
3927910,M2
3927945,M1
3928112,M1
3928230,F1
3928294,F1
3929290,F2
3929551,M2
3929752,F3
3929937,M2
3929993,F2
3930299,M1
3931049,F3
3931079,M3
3931162,F1
3931267,F3
3931424,F3
3931797,F1
3931843,F2
3932085,F2
3932275,M1
3932436,F3
3932627,F3
3932864,M1
3933137,M2
3933199,F3
3933231,M1
3933463,M1
3933777,M3
3933894,M2
3934188,M2
3934199,F3
3934270,M1
3934357,F3
3934409,F3
3934622,F1
3934683,F3
3935703,F3
3935789,F3
3935949,F3
3936069,M2
3937024,F3
3937209,M3
3937804,F2
3938159,M2
3938476,F1
3938486,M2
3938592,F1
3938593,M3
3938825,M1
3938887,F3
3939007,M3
3939369,M1
3939718,M3
3940176,F1
3941264,F1
3941461,F1
3941599,M1
3942223,F2
3942319,M2
3942384,M2
3942924,M2
3943981,M1
3944248,M1
3944436,M1
3945035,F2
3945127,F1
3945628,F3
3946440,F2
3946543,M3
3946650,F3
3947357,M2
3947484,M1
3947559,M1
3947726,M1
3948295,F2
3949290,F1
3949402,F2
3949550,F2
3949586,M1
3950031,F3
3950610,F1
3951204,M1
3951231,M1
3951375,M2
3951978,M2
3951989,M2
3952042,F1
3952650,F1
3952651,M1
3953056,F3
3953778,F1
3953818,M2
3953870,M1
3954059,M2
3954149,M2
3954254,F1
3954787,F3
3955674,F1
3955733,F1
3955942,M2
3955973,M1
3955999,F2
3956437,F3
3956636,F1
3956860,M3
3956879,M3
3957151,M3
3957473,M1
3957734,M3
3957873,M1
3957940,M1
3958610,M3
3959110,M2
3959863,F3
3960303,F1
3960334,F1
3960445,M3
3960460,M1
3960838,F3
3960887,M3
3961122,M3
3961183,M2
3961188,F3
3961681,M1
3961818,M2
3962050,F1
3962077,F2
3962474,M2
3962488,F3
3962537,F1
3962751,M2
3962811,M2
3963028,F3
3963231,F3
3963572,F3
3963915,F3
3964283,F2
3964358,M3
3964448,M3
3964629,F1
3964890,F3
3966044,F2
3966275,F3
3966641,M3
3967146,F2
3967701,M2
3967988,M1
3968365,M2
3968404,F1
3968597,M1
3968650,M1
3968890,F2
3969209,F3
3969320,M3
3969384,M3
3969692,M2
3969704,F2
3969883,F3
3970107,F3
3970266,M1
3970348,F2
3970802,M2
3971093,F3
3971149,M1
3971445,F3
3972481,M1
3972608,F1
3972886,M1
3973066,M1
3974123,M1
3974211,F2
3974421,F3
3974836,M3
3975248,M1
3975313,F1
3975667,F3
3975812,M2
3976329,M2
3976389,M1
3976471,M3
3976570,M2
3976817,F1
3977543,M2
3977656,M2
3978063,F3
3978187,F3
3978409,M1
3978476,F1
3978595,M3
3978908,M1
3979237,M3
3979403,M2
3979406,F1
3979572,M3
3980378,F1
3980544,F2
3980600,F1
3980677,F3
3981009,M2
3981029,M3
3981092,F1
3981580,F2
3981771,F2
3981841,M1
3981936,M1
3982161,F2
3982401,M1
3982897,M2
3983174,F3
3983502,F2
3983575,M3
3983758,F1
3983879,M1
3983930,M1
3983964,F3
3984045,M1
3984050,F2
3984689,F1
3984785,M1
3985196,M3
3985581,F1
3985701,F3
3986277,M1
3986324,M2
3986776,M2
3986779,M1
3986785,F3
3986870,M1
3987602,M2
3987879,M3
3987961,M1
3988043,M1
3988322,M2
3989139,M2
3989286,M1
3989862,M2
3989915,M3
3990075,F3
3990277,M3
3990329,M2
3990435,F2
3990724,F1
3990748,F3
3990835,M3
3990891,F1
3990933,F1
3991389,M3
3991501,M2
3991898,F3
3992345,F1
3992797,F1
3992893,M1
3992894,M1
3993139,M2
3993144,F1
3993606,F2
3994007,F2
3994277,M3
3995269,F1
3995322,M3
3995329,M2
3995378,M2
3995405,F3
3995540,F2
3997662,F1
3997761,M1
3997944,F1
3998015,F2
3998363,F3
3998707,F1
3998714,F1
3998906,F1
3999008,F2
3999033,M3
3999485,M3
3999544,F3
3999548,M2
3999579,M2
3999585,M1
3999690,F1
4000142,M3
4000170,F1
4000468,F3
4001523,M1
4001525,F1
4001840,F2
4002129,M1
4002311,F1
4002998,F1
4003230,F2
4003344,F2
4003451,M1
4004205,F3
4004281,F1
4004524,M1
4004770,M1
4005151,M1
4006051,F1
4006121,M1
4006492,M2
4006691,M3
4006917,F3
4007033,F3
4007122,M1
4007184,M1
4007238,F1
4007421,M2
4007543,M3
4007582,F2
4007941,M1
4008234,F1
4008568,M2
4008583,M2
4009073,F2
4010434,M2
4010501,M2
4010704,M1
4010743,F3
4011649,M1
4012760,F1
4012912,F3
4013068,M1
4013102,F2
4013120,F3
4013241,M2
4013449,M3
4014046,F3
4014273,F1
4014424,M2
4014630,M3
4014664,M1
4014676,F1
4015217,M1
4015435,F3
4015472,F2
4015636,F2
4015736,F1
4016210,M2
4017036,F1
4017358,F3
4017532,F3
4017613,M1
4018356,M3
4018451,M3
4018693,F3
4018735,M3
4018738,F3
4018746,M1
4018763,F3
4018785,M3
4018835,M3
4018838,M3
4018864,M3
4018868,M3
4018950,F3
4018960,F3
4019018,M2
4019030,M2
4019111,F3
4019140,M3
4019175,M3
4019237,F2
4019352,M3
4019354,M3
4019551,M3
4019625,M3
4019669,F3
4019714,F2
4019822,F2
4020071,F3
4020191,M2
4020583,F1
4020608,M3
4020984,M1
4021829,M3
4021857,F2
4021883,M3
4022199,M3
4022240,M2
4022519,F2
4022710,F2
4022825,F2
4022938,M2
4023153,F1
4023375,M3
4023397,M3
4023466,M3
4023488,M3
4024006,M2
4024335,F3
4024419,M1
4024535,M2
4024903,F1
4025785,M1
4025906,F3
4026278,M1
4026545,F3
4026686,M2
4026709,F3
4026973,F2
4027148,M1
4027291,F2
4027793,F3
4027908,F3
4027956,F1
4028538,F1
4029056,M3
4029685,F1
4029724,M2
4029780,F2
4030124,M3
4030360,F1
4030625,F1
4031273,M3
4031603,M1
4032052,F2
4032136,F1
4032185,M1
4032494,F1
4032593,F1
4032643,M2
4032748,M1
4032812,M1
4033844,F2
4034772,M1
4035089,F1
4035227,M1
4036109,F1
4036593,F1
4036784,F3
4037007,M3
4037104,F1
4037362,M3
4037429,F3
4038289,F1
4039107,M3
4039149,F3
4039690,F3
4039824,F3
4040307,F2
4040316,F3
4040369,M1
4040432,M1
4040544,M3
4040557,F3
4040973,F3
4041016,M2
4041089,F1
4041156,F1
4042018,F3
4042222,M3
4042346,M3
4042386,M2
4042715,F1
4042725,M3
4043333,F1
4044235,F2
4044293,M1
4044461,M3
4045328,F2
4045480,M1
4045490,F3
4045786,M1
4045792,M2
4045809,M3
4046075,M1
4046097,M1
4046212,M3
4046435,M2
4046476,M2
4046489,M1
4046802,F2
4046846,F3
4046859,F2
4047783,F3
4047895,F3
4048078,F3
4048550,F2
4048578,M3
4049197,M1
4049231,F2
4049335,M1
4049478,M3
4049546,F1
4049619,M2
4050299,F2
4050337,F3
4050723,F1
4051380,F1
4051514,M3
4051569,F2
4051933,M1
4052114,M2
4052594,M1
4052663,F1
4052780,M1
4052834,M3
4052999,F3
4053337,F2
4053717,M1
4053781,M2
4054732,F3
4055042,M1
4055225,M3
4055558,M1
4055697,M3
4056138,F1
4056461,M3
4056617,M1
4056847,F2
4056976,M1
4057296,M1
4057735,F2
4057871,M1
4057878,F2
4059081,F1
4059335,M1
4059379,F2
4059726,F1
4059807,M2
4060085,M2
4060391,M2
4061004,F1
4061561,M2
4062094,M3
4062449,F3
4062559,M1
4062783,M3
4064099,F1
4064110,F1
4064212,F3
4064231,F1
4064394,M1
4064887,F2
4065100,F1
4065487,F2
4065491,F1
4065556,F3
4066055,M3
4066156,F1
4066165,F1
4066246,M1
4067136,F1
4067191,F3
4067779,F3
4068258,F1
4068356,F1
4069151,F3
4069841,M3
4069929,M2
4070108,M3
4070461,F3
4070763,F1
4071130,F1
4071140,F3
4071899,F2
4072153,M1
4072476,F3
4073077,F3
4073208,M1
4073364,M3
4073570,M3
4073652,F3
4074029,M3
4074813,M2
4074995,F3
4075015,F2
4075238,F2
4075393,F2
4075512,F1
4075683,F1
4075740,M2
4075946,F2
4076045,F2
4076257,F1
4076664,M2
4077117,F1
4077617,F1
4077689,M2
4077804,F2
4078009,M1
4078805,F1
4078983,M3
4079064,F1
4079174,F3
4079514,M2
4079762,M1
4080099,F1
4080331,M1
4081176,M2
4081953,M1
4082030,M1
4082656,F3
4082691,F2
4082797,F3
4083164,M1
4083205,F3
4083522,M3
4083728,M3
4083745,M1
4084140,M3
4084858,M3
4085253,F3
4085545,M1
4085564,M1
4085924,F2
4085945,F1
4086110,F1
4086273,F1
4087396,M3
4088171,M2
4088857,M1
4089286,F3
4089426,F3
4089850,M2
4090368,M1
4090609,M1
4090840,F1
4090860,M1
4090894,M2
4091766,M3
4091996,M1
4092201,F1
4092396,F1
4092510,M1
4092657,F2
4092754,F1
4092899,F1
4093156,F3
4093687,F1
4093759,F3
4094036,F2
4094203,M2
4094233,F2
4094261,F3
4094262,F3
4094340,F2
4094413,F3
4094424,F3
4094499,M3
4094545,F3
4094589,M2
4094610,F2
4094838,F1
4094865,F2
4094916,F3
4094934,F2
4094981,F3
4094987,F2
4095111,M3
4095333,F3
4095734,F3
4095777,M1
4095789,M3
4095858,F3
4096216,M3
4096218,F2
4096293,F2
4096325,F1
4096365,M1
4096397,F3
4096502,M3
4096539,M1
4096666,M3
4096741,F1
4096958,F2
4096982,F3
4097061,F3
4097263,M3
4097288,F3
4097292,F3
4097464,F3
4097608,F3
4098062,M3
4098511,F1
4098621,M2
4098935,M1
4098958,M3
4098999,M1
4099128,F3
4099156,F3
4099363,F3
4099747,F1
4099808,M2
4099821,F3
4100001,F3
4100021,F2
4100213,F3
4100394,M3
4100898,F3
4101213,F1
4101218,F3
4101463,M2
4102275,F3
4102846,F2
4103600,F2
4103760,M3
4104246,F3
4104572,M3
4105296,F1
4106505,M1
4106905,F3
4107172,F3
4107715,M3
4107845,M1
4107949,M3
4108229,F3
4108981,F2
4109272,F3
4109333,M1
4109529,F3
4109777,M3
4110157,F1
4110354,F3
4110434,F3
4110627,F2
4110707,F3
4110742,F1
4110990,F1
4111290,F3
4111307,F3
4111568,F2
4111570,M3
4111613,F2
4111712,M1
4111901,F3
4111917,F2
4112325,F1
4113246,F2
4113256,F2
4113292,F2
4113313,F3
4113400,M1
4114157,F1
4114701,F3
4115060,F1
4115195,F1
4115456,M3
4115482,M3
4115565,F3
4115837,F2
4116341,M3
4116751,F1
4116925,M2
4117297,F1
4117328,F3
4117408,F3
4117497,F3
4117610,F2
4118266,M2
4118579,M1
4119242,F2
4119646,F3
4120150,F1
4120227,M3
4120417,F3
4120797,M3
4121056,F1
4121492,F2
4121980,M3
4122019,F2
4122207,M3
4122441,F2
4123025,F1
4123860,M1
4123881,F2
4124116,M3
4124914,M2
4125708,M3
4125806,F2
4125869,M3
4126222,M1
4126259,M1
4126435,F1
4126846,F2
4127132,F1
4127152,F1
4127667,F3
4127833,F3
4128062,M2
4128069,F1
4128098,F3
4128399,F3
4128498,M1
4128745,F2
4128896,M2
4128936,M1
4129425,F1
4129735,M1
4129763,F1
4129783,F1
4130124,M3
4130508,F3
4130549,M2
4130653,F3
4131032,M1
4131373,F3
4131682,M1
4132558,F1
4132762,M1
4133038,M1
4133481,M2
4133598,M1
4133899,F3
4133949,F3
4134501,F3
4134935,F1
4135367,F3
4135588,M3
4136028,F3
4136616,F3
4136690,F2
4136733,F2
4136800,M3
4136829,F1
4136906,F3
4137062,F3
4137076,M1
4137169,M1
4137323,F2
4137342,F3
4137533,F2
4137597,M1
4137661,F2
4137800,F1
4138182,F3
4138405,F1
4139406,F2
4139647,F3
4139792,F3
4140287,F3
4140428,F1
4140472,F3
4140904,M2
4141017,M1
4141152,F1
4142104,F2
4142377,F2
4142456,F3
4143898,F2
4144216,F2
4144356,M2
4144432,M1
4144579,M1
4145115,M1
4145338,M1
4145404,F3
4145496,M2
4145609,M3
4145781,M3
4145871,F1
4146101,F3
4146116,M1
4146123,M3
4146367,F1
4146368,F3
4146393,M1
4146554,F3
4146939,M3
4147337,F3
4147699,M1
4148330,F1
4149598,M1
4149655,F2
4150117,F3
4150763,F3
4150945,M1
4150979,F3
4151159,M1
4151278,M2
4152277,F2
4153526,F1
4153615,M3
4153722,F3
4153725,M2
4153807,F1
4154289,M1
4154413,F3
4155368,F1
4155406,F1
4155603,F2
4156082,M3
4156345,M1
4156618,M3
4156871,M3
4157056,M1
4157387,M3
4157404,M1
4157809,F3
4157815,M3
4157881,M1
4158045,M3
4158707,F1
4159053,M3
4159179,F1
4159748,F1
4160455,F3
4161791,M3
4162059,F3
4162730,F2
4162818,F3
4162885,M3
4163359,F3
4164032,M3
4164033,M3
4164552,M2
4164732,M3
4164750,M1
4165075,M1
4165444,M1
4165675,M3
4165932,M3
4166724,F3
4166876,F2
4167188,M1
4167221,F3
4167432,M2
4167631,M1
4167875,M1
4168709,M3
4169053,M2
4169475,M2
4169553,F3
4169600,F3
4170187,M2
4170285,F3
4170501,F2
4171037,M1
4171750,F1
4171953,F3
4172070,M3
4172241,M1
4172249,F1
4172573,F3
4172588,F2
4172636,F3
4173791,F3
4174361,M2
4174576,M2
4174787,M1
4174898,M1
4174943,F3
4175172,M3
4175620,F1
4175882,F1
4176101,M1
4176299,F1
4177224,F1
4177347,F2
4177359,M1
4177636,F3
4177768,F1
4177829,F1
4177991,M3
4179262,M3
4179457,M2
4180679,F1
4181033,F3
4181086,M3
4181243,M2
4181264,M1
4181324,M1
4181722,F1
4181967,F2
4182103,M3
4182115,M3
4182549,F1
4182604,F3
4182912,M3
4182960,M3
4183020,F3
4183644,F1
4184030,M2
4184105,F3
4184431,F2
4184605,F2
4184624,M1
4184699,F3
4185560,F2
4185648,F1
4185736,M3
4185878,M1
4185913,M3
4186155,F1
4186362,M3
4186376,M1
4186439,M3
4186578,M3
4186615,M3
4186709,M3
4186785,F3
4186862,M3
4186900,M3
4186909,M3
4186995,F3
4187018,M2
4187141,F3
4187299,F3
4187310,F3
4187496,M3
4187684,F2
4187770,M3
4187799,M3
4188066,F3
4188258,F3
4188442,M3
4188552,M3
4189460,M2
4189598,F1
4189615,F3
4189779,F3
4190423,F2
4190509,F2
4190777,M1
4191479,F3
4192102,F1
4192585,F1
4192610,F1
4192871,M3
4193293,F3
4193338,M1
4193526,F2
4193577,F2
4193622,F3
4193774,F3
4194056,M1
4194261,M3
4194500,F2
4194524,F2
4194733,F3
4194931,M1
4195015,F2
4195074,M3
4195166,M2
4195238,F2
4195383,F1
4195564,F3
4196422,M2
4196490,M1
4196987,M3
4197019,F3
4197443,F3
4197485,M2
4197731,F3
4198293,M1
4198937,M1
4199027,F2
4199223,M1
4199799,F3
4199850,M1
4200126,F1
4200160,F3
4201061,F1
4201380,M2
4201496,M3
4201801,F1
4202058,M2
6219055,F1
6219616,M1
6219793,M2
6220083,F3
6220476,F3
6220536,M1
6220701,M1
6220859,F3
6220941,F1
6221131,M3
6221211,M3
6221374,F1
6221445,F1
6222157,F2
6222618,F1
6222703,M1
6223036,F1
6223411,F3
6223506,M2
6224101,F2
6224427,F2
6231284,M3
6231403,F3
6231597,M2
6232424,F1
6232428,M2
6232707,M3
6232800,F1
6232884,F3
6233465,F3
6233734,F1
6233835,M1
6234160,F1
6234826,M3
6235098,M3
6235373,M1
6236064,F2
6236223,F3
6236237,F1
6236647,M1
6236886,M1
6236996,M1
6237406,M2
6237500,M1
6237710,F3
6237713,M3
6238007,M1
6238292,F1
6238334,F2
6238387,F1
6238740,F2
6238888,F1
6239081,M2
6239462,F1
6239877,F3
6240497,M1
6241016,M1
6241132,F3
6241212,M1
6241685,M1
6242144,F1
6242221,F1
6242231,F1
6242415,F1
6243855,M1
6243857,M1
6243895,M1
6243924,M1
6244973,M1
6248062,F1
6253085,M3
6253133,M3
6253247,F3
6253267,F3
6253281,F3
6253283,F3
6253335,M3
6253406,F3
6253412,M3
6253460,M3
6253486,M3
6253527,F3
6253565,M3
6253582,M3
6253638,F3
6253665,M3
6253817,M3
6253846,F3
6253866,M3
6253870,M3
6253920,F3
6253938,F3
6253986,M3
6254053,M3
6254116,M3
6254158,M3
6254199,M3
6254216,M3
6254255,F3
6254746,M3
6254805,F1
6254821,M3
6254895,F3
6255553,F1
6255738,M1
6255783,M3
6256791,M3
6256882,F3
6257252,F1
6257713,F3
6257719,F3
6259028,F3
6259149,M1
6259250,F3
6259784,F1
6260474,M3
6260540,M1
6261231,F3
6262207,M3
6262511,M3
6263598,F1
6263695,M3
6264072,F1
6265093,M1
6266966,M3
6267986,F3
6269346,F2
6274185,M3
6274188,F3
6274191,F3
6274194,M1
6274197,F3
6274199,F3
6274340,F1
6274343,M3
6274473,M1
6274475,F3
6274487,F3
6274522,M3
6274609,F3
6274654,F3
6274662,F3
6274684,F3
6275047,M3
6275563,F3
6275877,F3
6276306,F1
6276694,M1
6276964,F3
6283272,M1
6283938,M1
6284113,F3
6284682,F3
6288016,M2
6290521,M1
6290599,M1
6290641,F1
6290988,F3
6293889,F1
6294212,F1
6295890,F1
6296649,M1
6296764,M1
6297279,F2
6299490,F1
6301001,M1
6301041,M1
6302607,F1
6303277,F1
6303619,F2
6314384,M1
6314525,M1
6315395,F1
6317521,M1
6320487,F3
6320849,M1
6321739,M1
6324785,M1
6324943,M1
6325529,F1
6329980,F2
6331085,M2
6331278,M1
6333223,F1
6333307,F1
6334157,M1
6336361,M2
6336364,M1
6337397,F1
6337842,M1
6341031,M1
6341506,M1
6342104,F2
6343584,M1
6344524,F1
6344749,F2
6345140,M1
6345315,M1
6348658,M1
6349802,F1
6351573,M2
6354400,F1
6355784,M3
6356719,M1
6357066,F2
6357397,F2
6359606,F3
6360931,F3
6361716,M1
6362214,M1
6363963,F3
6364138,M1
6364204,M1
6365578,F1
6366203,F1
6366589,F1
6367856,M1
6371793,F1
6374641,M1
6376036,F2
6379665,M1
6381780,M1
6384095,M2
6387256,M1
6392452,F2
6394078,M1
6394135,F1
6395103,F1
6396961,M1
6400015,M1
6400400,F1
6401138,F1
6401258,F1
6401465,F3
6411308,M2
6418441,F1
6423514,F2
6427995,F2
6432871,M1
6432912,M1
6434722,M1
6436368,M1
6438302,M1
6457330,F1
6458355,M1
6458371,F1
6459081,F2
6460231,M3
6464534,M1
6470595,M3
6471584,F1
6472534,F1
6472708,F2
6472895,F1
6482817,M1
6484055,M1
6484109,M1
6484121,F3
6484410,F3
6485336,M3
6488422,F1
6489010,M1
6495008,F2
6501174,M1
6506206,M2
6510507,F1
6511822,F2
6511903,F1
6512159,F1
6512251,M1
6512904,M2
6513273,F2
6513463,M2
6514793,F1
6518457,F1
6519779,M1
6522754,M1
6527437,F1
6527548,F1
6527770,M1
6534613,M1
6536063,M1
6536099,M1
6537357,M1
6562584,F2
6564471,F2
